species,recording,base_r,event_r,r0,rpk,r0_over_rpk,lagpk
Argentian Dollar,BYB_Recording_2024-02-05_20.00.19,0.9116828650838802,0.12858329169451746,0.12858329169451752,0.2610582713057172,0.49254632328403664,9.7384
Argentian Dollar,BYB_Recording_2024-02-15_21.34.38,0.9914783042830512,-0.17242174109627045,-0.1724217410962704,0.74543700232558,-0.2313029009270495,2.6756
Argentian Dollar,BYB_Recording_2024-02-28_18.04.24,-0.03373544820641605,0.6831067282354802,0.6831067282354805,0.8500661209917706,0.8035924634174352,1.7554
Argentian Dollar,BYB_Recording_2024-02-28_18.09.31,0.9777563516394728,0.6323619837755365,0.6323619837755364,0.6323727174230257,0.9999830263906182,-0.0032
Argentian Dollar,BYB_Recording_2024-02-29_18.32.58,0.8320064239354424,0.015055501793927648,0.015055501793927662,0.6078655216554658,0.024767816659391026,5.9846
Argentian Dollar,BYB_Recording_2024-03-06_22.07.54,0.588561203173668,0.8438741374912874,0.8438741374912874,0.9025890375908677,0.9349483567224588,-0.6438
Argentian Dollar,BYB_Recording_2024-03-06_22.10.49,0.8210343415342526,0.08478765583536048,0.08478765583536045,0.7386748365810452,0.11478346308343185,7.989
Argentian Dollar,BYB_Recording_2024-03-15_21.39.34,-0.018343241640787218,-0.2876867674053831,-0.2876867674053832,0.616188902351875,-0.46688079955243905,11.2638
Basil,BYB_Recording_2024-01-14_19.15.17,0.7836637646968964,0.46111853289851673,0.46111853289851645,0.850366980020029,0.5422582764063294,1.5268
Basil,BYB_Recording_2024-01-23_17.24.57,-0.4380367016983896,0.5073465024487798,0.5073465024487799,0.8913979841322782,0.5691582340099758,-1.658
Basil,BYB_Recording_2024-01-23_17.29.46,0.07596433474691862,0.7344992708296153,0.7344992708296152,0.7344992708296152,1.0,0.0
Basil,BYB_Recording_2024-01-24_20.37.33,0.7596792519196084,0.43221781320633307,0.432217813206333,0.8464628073756657,0.5106164257191184,1.4556
Basil,BYB_Recording_2024-01-28_14.33.45,0.1256974601066308,0.09311850945319913,0.09311850945319922,0.4525417306500313,0.20576778481720065,4.5004
Basil,BYB_Recording_2024-01-28_14.51.36,0.713111116603788,0.2330774970854718,0.23307749708547174,0.7495559893285507,0.31095408535693464,2.9478
Basil,BYB_Recording_2024-02-12_20.13.13,0.6016288496171969,0.576492661154285,0.5764926611542847,0.7788477749318052,0.7401865675288878,0.6356
Basil,BYB_Recording_2024-02-19_18.33.59,0.5545153696705885,0.4695849162297286,0.4695849162297284,0.4983393540443692,0.9422994841140307,-0.6006
Basil,BYB_Recording_2024-02-23_19.15.06,-0.6312745588174953,0.06072746712776855,0.060727467127768664,0.7326163720616824,0.08289122307883086,4.5246
Basil,BYB_Recording_2024-02-26_19.20.30,0.32272866232064973,0.26642616859889345,0.26642616859889345,0.5002506815811784,0.5325853185382599,6.264
Basil,BYB_Recording_2024-02-26_19.38.09,0.9208101688780641,0.733038869411109,0.7330388694111087,0.7330405468803672,0.9999977116282781,0.0018
Chilean Chile,BYB_Recording_2024-02-20_20.46.43,0.9162757786344836,-0.13629161285673472,-0.13629161285673477,0.9288284155952987,-0.146734973401286,3.3132
Chilean Chile,BYB_Recording_2024-02-23_20.12.50,0.8100339265234497,0.02832161740531769,0.02832161740531762,0.37417859758777033,0.07569010517410546,8.7678
Chilean Chile,BYB_Recording_2024-02-23_20.16.53,0.5020357675558942,-0.04245916912304868,-0.0424591691230487,0.8184921598005989,-0.051874863570339644,-4.5078
Chilean Chile,BYB_Recording_2024-02-23_20.20.33,0.6472155626832312,0.10274947763398364,0.10274947763398357,0.3099292882387133,0.33152554964358194,8.5508
Chilean Chile,BYB_Recording_2024-02-26_20.31.22,0.8852523860691324,0.14597830613620716,0.14597830613620713,0.8588104369785193,0.16997733126042383,1.2618
Chilean Chile,BYB_Recording_2024-02-26_20.34.43,0.5486976246338884,-0.11462669148592539,-0.11462669148592537,0.45803164509946037,-0.2502593275209936,-9.2662
Chilean Chile,BYB_Recording_2024-03-11_20.19.30,0.9342398265007429,0.5304690816654011,0.5304690816654012,0.8628557374572029,0.6147830496308337,1.9276
Chilean Chile,BYB_Recording_2024-03-11_20.24.33,0.6426761772506984,0.5191144233168282,0.5191144233168282,0.9577677130885359,0.5420045134355467,1.3514
Chilean Chile,BYB_Recording_2024-03-11_20.27.38,0.6011866411365847,0.8084845900071111,0.8084845900071117,0.9519652713852889,0.8492795003231728,0.4844
Chilean Chile,BYB_Recording_2024-03-11_20.31.48,0.9608179369662475,-0.004325927518917345,-0.0043259275189172705,0.5194830134338428,-0.008327370495374601,-1.4518
Chilean Chile,BYB_Recording_2024-03-11_20.34.42,0.4819425550502013,0.5025660210450371,0.5025660210450373,0.8945004875011047,0.5618398514784674,1.0614
Creeping Inchplant,BYB_Recording_2024-02-05_19.37.45,0.30260447694013687,0.47116878356551395,0.4711687835655139,0.7981538966675392,0.5903232265515997,3.7584
Creeping Inchplant,BYB_Recording_2024-02-07_19.05.17,0.9346529287748682,0.5993268254033997,0.5993268254033994,0.8021072586038203,0.7471903775644813,1.423
Creeping Inchplant,BYB_Recording_2024-02-19_19.26.20,0.5698890009657339,0.4083299397589452,0.40832993975894527,0.6919439428177023,0.5901199714187292,2.3904
Creeping Inchplant,BYB_Recording_2024-02-20_20.02.17,0.4520536396686972,0.6883778078126023,0.6883778078126024,0.7532332750137783,0.9138972356206786,5.1654
Creeping Inchplant,BYB_Recording_2024-02-20_20.07.25,-0.38792643163151835,-0.03492286117731841,-0.03492286117731838,0.6647227056631829,-0.05253748800783992,6.679
Creeping Inchplant,BYB_Recording_2024-02-20_20.10.44,0.8575832011034095,-0.07706431595290883,-0.0770643159529088,0.6250326354830602,-0.12329646738101793,7.2754
Creeping Inchplant,BYB_Recording_2024-02-26_20.12.11,0.842298760826411,0.4168162925103208,0.4168162925103207,0.6786367562962569,0.6141964587729475,1.3774
Creeping Inchplant,BYB_Recording_2024-02-28_18.46.50,-0.04536880232611605,0.5528083689690767,0.5528083689690767,0.6287547344617067,0.8792114614331299,1.5686
Creeping Inchplant,BYB_Recording_2024-02-28_18.55.01,0.8728919152758021,-0.13433055247466238,-0.1343305524746623,0.5126055110256981,-0.2620544445686383,2.4792
Creeping Inchplant,BYB_Recording_2024-02-29_17.41.48,0.8291924555799824,0.25814794215976844,0.2581479421597685,0.6911807370653096,0.37348833426093603,1.5112
Creeping Inchplant,BYB_Recording_2024-03-04_20.35.25,0.8794012478353282,0.6628344021864777,0.6628344021864777,0.7722177801349542,0.8583516454006531,1.4328
Creeping Inchplant,BYB_Recording_2024-03-04_20.43.03,-0.6694448884539121,0.7168073915617824,0.7168073915617823,0.844450926789989,0.8488443423072338,0.8044
Creeping Inchplant,BYB_Recording_2024-03-04_20.50.21,0.4306132981036607,0.5922672845802301,0.5922672845802303,0.853086465174167,0.6942640737587044,0.9504
Creeping Inchplant,BYB_Recording_2024-03-06_21.56.45,0.9577976109726278,0.19237125480498293,0.1923712548049829,0.693724839321302,0.2773019559068797,4.1106
Creeping Inchplant,BYB_Recording_2024-03-06_21.59.50,0.3296297713209098,0.6831824838806231,0.6831824838806231,0.8111108277608865,0.8422800688860038,0.6794
Hierbabuena,BYB_Recording_2024-02-22_17.09.43,0.9973639504418833,-0.09821120248347993,-0.09821120248347989,0.2994411760011962,-0.3279816216160184,4.0388
Hierbabuena,BYB_Recording_2024-02-22_17.13.41,0.980034209037044,0.025548922014949255,0.025548922014949262,0.8078221543161254,0.03162691426379375,5.3234
Hierbabuena,BYB_Recording_2024-02-22_17.17.23,0.984085252122207,0.5580437350932149,0.5580437350932148,0.5580437350932148,1.0,0.0
Hierbabuena,BYB_Recording_2024-02-26_19.52.38,0.8357653366886899,0.5362206569014315,0.5362206569014315,0.7635346956602949,0.7022872175280979,2.6644
Hierbabuena,BYB_Recording_2024-02-26_19.59.40,0.6313003789330889,0.33640419420395046,0.3364041942039503,0.5345889392287724,0.6292763832511492,2.1868
Hierbabuena,BYB_Recording_2024-03-01_17.55.10,-0.4232071479486442,0.30397515924340657,0.3039751592434067,0.8409020180699069,0.3614870136013114,3.437
Hierbabuena,BYB_Recording_2024-03-01_18.01.51,0.9731310639857511,0.1396518438631701,0.1396518438631701,0.9219157432639284,0.15148005106057744,4.6062
Hierbabuena,BYB_Recording_2024-03-01_18.08.05,0.31448444508029905,0.8303755828396475,0.8303755828396475,0.9838505984644819,0.8440057709327348,0.4232
Hierbabuena,BYB_Recording_2024-03-04_20.20.54,-0.381789868392042,0.24846605221170848,0.2484660522117085,0.7511449978638403,0.3307830750631556,4.13
Hierbabuena,BYB_Recording_2024-03-08_21.04.08,0.9177532442311761,0.8450714315478993,0.8450714315478993,0.9848735718760028,0.8580506733856142,-0.4402
Hierbabuena,BYB_Recording_2024-03-08_21.06.56,0.1287277333708376,0.9594848809900554,0.9594848809900551,0.9899342849218651,0.9692409845829177,0.1868
Hierbabuena,BYB_Recording_2024-03-08_21.12.27,0.17565189668412476,0.3139413100100055,0.31394131001000564,0.8442053121015523,0.371877913476385,2.041
Hierbabuena,BYB_Recording_2024-03-08_21.18.08,0.9457868565619973,0.31445167518738615,0.31445167518738615,0.8561565798458531,0.36728290430706223,1.3124
Hierbabuena,BYB_Recording_2024-03-08_21.22.04,-0.3397092887754219,0.8874005175757631,0.8874005175757631,0.9927996661699893,0.8938364383211028,0.3228
Hierbabuena,BYB_Recording_2024-03-08_21.24.53,0.8468111331560118,0.898019026738694,0.898019026738694,0.994220058456119,0.9032396994013464,0.332
Hierbabuena,BYB_Recording_2024-03-08_21.27.40,0.04976440715529418,0.795924249506975,0.7959242495069749,0.9704209950840491,0.8201844905860051,0.827
Marijuana,BYB_Recording_2025-08-23_22.07.27-28.8mm,0.2004111780190527,0.07737955460420547,0.07737955460420545,0.9540564946256673,0.08110584125792888,-2.6632
Marijuana,BYB_Recording_2025-08-23_22.55.19-22mm,0.6433451451452424,0.08174516963787724,0.08174516963787737,0.8123350998610384,0.10062986278921231,1.593
Marijuana,BYB_Recording_2025-08-23_23.19.28-21mm,0.8601636154050114,-0.014221583640719342,-0.014221583640719251,0.8868498698214291,-0.01603606667223487,5.1956
Marijuana,BYB_Recording_2025-08-23_23.30.42-22mm,-0.1725929218980383,0.15468111123493955,0.15468111123493955,0.8085083921653167,0.1913166427631981,2.8862
Marijuana,BYB_Recording_2025-08-23_23.44.45-26mm,0.17053604407050577,0.06210093939080887,0.06210093939080884,0.8278505961608039,0.07501467013348165,2.9428
Marijuana,BYB_Recording_2025-09-13_01.03.00-23.11mm,0.8418340387897031,0.1091761450000759,0.10917614500007586,0.8043707586433342,0.13572863487008685,10.9852
Marijuana,BYB_Recording_2025-09-13_01.21.52-16.78mm,0.5308536082363636,-0.1932992986881209,-0.19329929868812096,0.8226135262226227,-0.2349819113426645,5.8966
Marijuana,BYB_Recording_2025-09-13_01.45.23-24.26mm,0.49008759145826786,0.36363644488638697,0.36363644488638697,0.8684327645772365,0.4187272287721774,1.3758
Marijuana,BYB_Recording_2025-09-13_01.52.20-21.60mm,-0.22381809576109774,0.5903150320445417,0.5903150320445418,0.6350169771876821,0.9296051180535155,-0.4714
Marijuana,BYB_Recording_2025-09-15_00.20.12-21.09mm,0.38154215613357245,0.4870413055269287,0.4870413055269287,0.8839729114772928,0.5509685864841568,1.4444
Marijuana,BYB_Recording_2025-09-15_00.27.51-21.09mm,0.6348686132693594,-0.13056162238477165,-0.13056162238477173,0.7626043989678395,-0.1712049164173229,4.6322
Marijuana,BYB_Recording_2025-09-15_00.38.35-16.49mm,0.5606785906572652,-0.2654145145446239,-0.26541451454462384,0.7964469630189511,-0.3332481971411678,8.093
Marijuana,BYB_Recording_2025-09-15_00.47.20-16.06mm,0.9968925726643881,0.11335707220017036,0.1133570722001704,0.7843174075703506,0.1445295885390669,5.4228
Mint,BYB_Recording_2023-12-19_18.14.10,0.5858933280405454,0.08178123263453489,0.08178123263453498,0.6466479834835379,0.12646947755713048,2.9928
Mint,BYB_Recording_2024-01-26_19.52.38,0.05714591644816543,-0.2219595087171917,-0.22195950871719172,0.7102355016776352,-0.3125153673575947,4.4984
Mint,BYB_Recording_2024-01-26_20.00.04,0.7532257920232256,-0.0011484542887002808,-0.001148454288700271,0.5591826295086527,-0.002053808949161036,4.3982
Mint,BYB_Recording_2024-01-26_20.08.19,0.8645604212229727,-0.034053046174404696,-0.03405304617440463,0.447540533105793,-0.07608930064521087,9.094
Mint,BYB_Recording_2024-02-09_22.29.45,0.7163063816903178,0.041978489175846755,0.041978489175846775,0.7288984661242963,0.05759168269217944,9.3604
Mint,BYB_Recording_2024-02-12_19.02.16,0.7401050389109719,-0.022312606796151966,-0.02231260679615193,0.5733660352271164,-0.03891511778738981,9.2178
Mint,BYB_Recording_2024-02-12_20.19.02,-0.11575529146821294,0.24415996516120092,0.24415996516120092,0.48188639022433416,0.5066753701998853,9.1346
Mint,BYB_Recording_2024-02-20_19.07.45,0.7962745999657272,-0.10520572320967536,-0.10520572320967536,0.7515161277189841,-0.13999130468297166,11.422
Mint,BYB_Recording_2024-02-20_19.11.24,-0.16511619430350075,-0.07378310723215377,-0.07378310723215381,0.5422623193716402,-0.13606534069645815,15.0
Mint,BYB_Recording_2024-02-20_19.19.15,-0.3886401082890863,0.4473276654015132,0.4473276654015131,0.8264536824510607,0.5412616277234654,0.9012
Mint,BYB_Recording_2024-02-20_19.22.59,0.9607995643098302,0.04951446623665224,0.04951446623665219,0.8932960986482213,0.055428951622625316,2.3764
Mint,BYB_Recording_2024-02-20_19.26.22,-0.3941378217141093,0.12652478787702237,0.12652478787702234,0.8317086577511756,0.15212633257795793,1.7832
Mint,BYB_Recording_2024-02-20_19.32.55,-0.3916794168493101,-0.06974284269700609,-0.06974284269700601,0.7855141401242899,-0.08878623456220759,3.6906
Mint,BYB_Recording_2024-02-20_19.38.46,0.7473961346505746,-0.007429126130463701,-0.007429126130463677,0.5553950180079235,-0.013376292349741045,7.3936
Ornamental Chile,BYB_Recording_2024-02-07_19.42.39,0.8763917269117947,0.33557340224822585,0.335573402248226,0.8771899954950882,0.38255498121456294,2.1228
Ornamental Chile,BYB_Recording_2024-02-07_19.48.46,-0.8097265555587474,-0.0065772758556396456,-0.006577275855639653,0.6913652954947519,-0.009513459669584444,4.3892
Ornamental Chile,BYB_Recording_2024-02-12_19.32.29,-0.03246848803220407,0.5708485571132974,0.5708485571132972,0.6484581982040161,0.8803166629619793,5.7254
Ornamental Chile,BYB_Recording_2024-02-19_18.55.40,0.1477669733281433,0.4463148310095959,0.4463148310095958,0.8036299815760233,0.5553735440958961,2.057
Ornamental Chile,BYB_Recording_2024-02-19_18.58.46,0.312793948945762,-0.10418873185418975,-0.1041887318541897,0.6624979341873546,-0.15726650073557075,10.444
Ornamental Chile,BYB_Recording_2024-02-19_19.03.24,0.9565555496992517,0.5106204196514682,0.5106204196514682,0.899384021515612,0.5677445978982233,1.3978
Ornamental Chile,BYB_Recording_2024-02-19_19.07.47,0.41281351357767987,0.19749554128018637,0.19749554128018648,0.40416635850254934,0.4886491345096471,-1.0444
Ornamental Chile,BYB_Recording_2024-02-19_19.10.37,0.9416215482978236,-0.042228148636447374,-0.04222814863644738,0.7724227165620035,-0.054669739419888834,7.0122
Ornamental Chile,BYB_Recording_2024-02-19_19.17.58,0.9423324694089937,-0.10344343945754887,-0.10344343945754877,0.5927905334205177,-0.1745025158560813,4.475
Ornamental Chile,BYB_Recording_2024-02-22_17.57.13,0.43816458404532044,-0.057739897800308755,-0.05773989780030872,0.9510923063850403,-0.06070903677033141,4.451
Ornamental Chile,BYB_Recording_2024-02-22_18.00.13,0.9019335050065259,0.22634766251943533,0.22634766251943544,0.8890218780441597,0.2546030284624697,3.2924
Ornamental Chile,BYB_Recording_2024-02-23_19.53.15,-0.4476733752766665,-0.2833745321514603,-0.2833745321514603,0.4109969082007696,-0.6894809340342616,-2.3544
Ornamental Chile,BYB_Recording_2024-02-23_19.55.48,0.25079503150683535,-0.3948494175485742,-0.3948494175485744,0.5999504685197505,-0.658136693388674,9.5668
Ornamental Chile,BYB_Recording_2024-02-23_19.59.02,-0.6410906497257474,-0.05144916789742944,-0.05144916789742934,0.8780851731917785,-0.05859245716496408,1.774
Ornamental Chile,BYB_Recording_2024-02-23_20.04.22,0.9831505771844139,0.051994623895565056,0.05199462389556505,0.42645214814937304,0.12192370028196677,13.9158
Rosemary,BYB_Recording_2024-02-15_21.13.19,0.9614748232391369,0.17058074161869655,0.17058074161869663,0.7955314395174833,0.21442363324089317,-4.5188
Rosemary,BYB_Recording_2024-02-15_21.20.04,0.7600597946004551,-0.18550349362671234,-0.18550349362671228,0.7713321750957378,-0.240497543880738,9.8044
Rosemary,BYB_Recording_2024-02-15_21.27.05,0.44855958912415217,0.26821918690741575,0.26821918690741575,0.577453334033954,0.4644863421840501,2.3646
Rosemary,BYB_Recording_2024-02-19_19.56.50,0.9361544933491012,0.023289769284979302,0.023289769284979302,0.9048326102263261,0.02573931246703611,3.7746
Rosemary,BYB_Recording_2024-02-23_19.35.51,-0.22087574949118782,0.5292972700887234,0.5292972700887233,0.6418669278438023,0.824621501947094,0.6716
Rosemary,BYB_Recording_2024-02-26_18.50.08,0.7267780447678981,0.7727301227382553,0.7727301227382551,0.7773527792659297,0.994053335048162,0.0542
Rosemary,BYB_Recording_2024-02-26_19.06.39,0.9988210861359926,0.8142855109675905,0.8142855109675905,0.8241894877457435,0.9879833740597183,0.5416
Rosemary,BYB_Recording_2024-02-26_19.10.25,0.8248667790395572,0.24087988396812698,0.24087988396812693,0.9009901322698878,0.2673501910184876,2.3204
Rosemary,BYB_Recording_2024-02-29_17.20.55,0.3608403998831532,0.7348370074050831,0.7348370074050832,0.951985212522236,0.771899602787075,0.7322
Ruda,BYB_Recording_2024-01-17_20.14.33,0.14210989002673302,0.7785525796333714,0.7785525796333714,0.9487620025273106,0.820598398291104,0.4728
Ruda,BYB_Recording_2024-02-05_19.17.48,0.7848171675730391,0.6900292687538542,0.690029268753854,0.7379646932786306,0.935043742659545,1.3818
Ruda,BYB_Recording_2024-02-20_19.48.40,-0.7338967038631495,0.5567340749968304,0.5567340749968306,0.6770511992196815,0.8222924287535132,2.1156
Ruda,BYB_Recording_2024-02-20_19.51.32,0.7919037620147958,0.3840277591936881,0.384027759193688,0.8633963609823774,0.44478732659556147,2.0096
Ruda,BYB_Recording_2024-02-20_19.54.12,-0.4953833249277017,0.72373408431331,0.72373408431331,0.909500635453721,0.7957488495346263,0.9692
Ruda,BYB_Recording_2024-02-20_19.57.31,0.6293441241803988,0.6213846170654982,0.621384617065498,0.7928284079161736,0.7837567509705045,0.8588
Ruda,BYB_Recording_2024-02-22_18.37.41,0.7570718169973704,0.12439682723136357,0.12439682723136351,0.8045204449175728,0.1546223318713903,3.1488
Ruda,BYB_Recording_2024-02-22_18.44.37,0.9382733473102518,-0.14196034973021476,-0.14196034973021482,0.5616719653771467,-0.25274601276368225,2.945
Ruda,BYB_Recording_2024-02-23_20.25.25,0.98080145461339,0.8131848384896205,0.8131848384896206,0.8474601657955229,0.9595552349369395,0.49
Ruda,BYB_Recording_2024-02-29_16.58.27,0.9142268617144437,0.7562142094250928,0.7562142094250928,0.7578157472587372,0.9978866395434012,0.0246
Ruda,BYB_Recording_2024-03-04_19.50.01,0.9603430135484649,0.8781112987331121,0.8781112987331121,0.9217792941762292,0.952626408817154,0.4988
Ruda,BYB_Recording_2024-03-04_20.01.12,0.7302446869650137,-0.04645332470074425,-0.046453324700744245,0.6113013705681283,-0.07599087281216413,4.0158
Ruda,BYB_Recording_2024-03-06_21.31.33,0.07959816993677969,0.7787840372671906,0.7787840372671907,0.9775139834796576,0.79669861549699,0.6502
Ruda,BYB_Recording_2024-03-06_21.44.52,0.9647205489304428,0.8724408505262417,0.872440850526242,0.8829491327834195,0.9880986549881406,0.3192
Sensitive Mimosa,BYB_Recording_2021-07-26_12.46.45,0.962403116892336,0.7136848115627195,0.7136848115627193,0.8901858178854899,0.8017256590966326,-0.4854
Sensitive Mimosa,BYB_Recording_2024-06-27_17.07.10,0.9149582368162185,-0.054043190046364674,-0.054043190046364695,0.9367666161541109,-0.05769119982972776,-1.0086
Sensitive Mimosa,BYB_Recording_2024-06-27_17.25.17,0.4719495542738673,0.10312893522251926,0.10312893522251929,0.9393381240660047,0.1097889381686298,-1.2642
Sensitive Mimosa,BYB_Recording_2024-06-27_17.42.19,0.9815442760232866,-0.06109338883649697,-0.06109338883649697,0.926372413380281,-0.06594905888180609,-1.4668
Sensitive Mimosa,BYB_Recording_2024-06-27_18.31.29,0.9652847600231402,0.06432552900902959,0.06432552900902959,0.855778800434053,0.07516606975588029,-1.296
Sensitive Mimosa,BYB_Recording_2024-06-27_18.48.14,0.9205759273735817,0.5492608370794348,0.5492608370794347,0.7165643781871662,0.7665198742770438,12.2674
Sensitive Mimosa,BYB_Recording_2024-06-27_19.01.26,0.35578779032425195,0.1734298895255095,0.17342988952550964,0.9006483509414668,0.1925611581303843,0.9848
Sensitive Mimosa,BYB_Recording_2024-06-27_19.15.52,0.8699751483798149,0.046620017986234503,0.046620017986234524,0.9334944693043505,0.04994139710434089,0.6856
Sensitive Mimosa,BYB_Recording_2024-06-27_19.57.29,-0.36679644532643957,0.5864989571060242,0.586498957106024,0.9682063631710698,0.6057582137604657,0.4412
Sensitive Mimosa,BYB_Recording_2024-07-08_16.06.58,0.9619996183245276,0.8315493409530501,0.8315493409530502,0.8316691212540662,0.9998559760150342,-0.0066
Sensitive Mimosa,BYB_Recording_2024-07-08_17.02.56,0.9779830037503999,-0.01898177915350755,-0.018981779153507444,0.9648605316465692,-0.019673080752007088,-1.9626
Sensitive Mimosa,BYB_Recording_2024-07-08_17.19.08,0.9708155304694057,0.9732381798252563,0.9732381798252566,0.9863311999030283,0.9867255338986956,0.0866
Sensitive Mimosa,BYB_Recording_2024-07-10_12.31.11,0.9096739848066662,0.5859131200194049,0.5859131200194049,0.5971875672202692,0.9811207603444534,0.09446567122195916
Sensitive Mimosa,BYB_Recording_2024-07-10_12.56.35,0.9694273914207969,0.4544192408696804,0.4544192408696803,0.46498741853742886,0.9772721212522486,-0.11982841471132885
Sensitive Mimosa,BYB_Recording_2024-07-11_11.28.52,0.9276442584396506,0.07091407253195452,0.07091407253195461,0.9494986528697292,0.07468580636489222,-1.7557488103888799
Sensitive Mimosa,BYB_Recording_2024-07-11_11.50.12,-0.416792639652288,0.24016469361687404,0.24016469361687415,0.938949479192775,0.2557802085617496,0.8648883054780713
Sensitive Mimosa,BYB_Recording_2024-07-11_12.37.51,0.9928805090249783,0.5058337923763939,0.505833792376394,0.9275902161641147,0.5453203187806144,0.9416328731159607
Sensitive Mimosa,BYB_Recording_2024-07-11_13.14.26,0.848019274624904,0.13844027364175632,0.13844027364175626,0.590047078527529,0.23462580983747255,-1.7152903119945617
Tomato,BYB_Recording_2024-02-03_21.26.23,0.8278428262603372,0.790395054458145,0.7903950544581453,0.8159660484592937,0.9686616936459164,0.1482
Tomato,BYB_Recording_2024-02-03_21.30.34,-0.0956661633086031,0.693566576237399,0.693566576237399,0.7411901663928339,0.9357471370846626,0.6062
Tomato,BYB_Recording_2024-02-06_19.19.43,0.6342873225184753,0.220023539375843,0.22002353937584296,0.6791803414380774,0.32395451686656784,-1.2574
Tomato,BYB_Recording_2024-02-06_20.01.08,0.9629108920232179,0.3933775229500309,0.39337752295003087,0.5536513930864464,0.7105148255061094,0.784
Tomato,BYB_Recording_2024-02-12_20.26.05,0.8238372735829669,0.21061000579777575,0.21061000579777583,0.7326153992358905,0.28747690263873743,4.8418
Tomato,BYB_Recording_2024-02-19_18.44.04,0.9962896505259153,0.3378892342816653,0.3378892342816654,0.7059250096733957,0.47864749038710747,-1.4734
Tomato,BYB_Recording_2024-06-26_23.32.41,-0.019112104322031843,-0.1552688716816529,-0.15526887168165293,0.876896837817446,-0.1770662921628383,2.3156
Tomato,BYB_Recording_2024-06-26_23.54.25,0.5429798543453236,0.5880529488070846,0.5880529488070848,0.5885690946525854,0.999123049697665,-0.0534
Tomato,BYB_Recording_2024-06-27_00.22.45,0.9745245522891968,0.5068058288721351,0.5068058288721351,0.7542954412086988,0.671893002641006,1.2394
Tomato,BYB_Recording_2024-06-27_00.38.23,0.9227979017462978,-0.1170229401132289,-0.11702294011322888,0.2946508211813788,-0.3971580314761547,7.5662
Tomato,BYB_Recording_2024-07-05_16.48.00,0.42777977521541766,0.02209508392299031,0.022095083922990196,0.6853204863539507,0.03224051281545762,3.3944
Tomato,BYB_Recording_2024-07-05_16.51.56,0.9378347126358509,0.6538110409045133,0.6538110409045133,0.9196287392624652,0.7109510751358906,0.9858
Tomato,BYB_Recording_2024-07-09_15.12.30,-0.29340965080899706,0.9132551626614461,0.9132551626614459,0.9778253190911499,0.9339655507287136,0.5424392302102623
Tomato,BYB_Recording_2024-07-10_11.32.51,0.9524691410945504,0.39139875478249964,0.3913987547824995,0.841773347435466,0.4649692889124241,2.924075853824336
Venus Flytrap,BYB_Recording_2024-01-28_16.49.19,-0.7275005842255557,0.366311962035052,0.36631196203505173,0.6406024758893921,0.5718241433995019,0.4064
Venus Flytrap,BYB_Recording_2024-05-16_22.38.00,0.8591550838715268,0.2761619856943259,0.2761619856943259,0.8736645388499121,0.3160961369198574,-0.5376
Venus Flytrap,BYB_Recording_2024-05-21_00.22.52,-0.7097166308489199,0.07014751550371115,0.07014751550371115,0.8294532167659076,0.08457079204204054,-0.5932
Venus Flytrap,BYB_Recording_2024-05-22_23.31.14,0.1295707287348825,0.4188932064405062,0.41889320644050615,0.8772931745630502,0.47748371762853686,-0.4524
Venus Flytrap,BYB_Recording_2024-05-22_23.36.51,0.975384719319943,0.5179183023107288,0.5179183023107288,0.9142288006249788,0.5665084079135038,-0.303
Venus Flytrap,BYB_Recording_2024-05-23_22.13.46,0.37917857023123147,0.6478900287093,0.6478900287092999,0.9478296578154732,0.6835511247902241,-0.301
Venus Flytrap,BYB_Recording_2024-05-25_20.35.34,0.7870198307271077,0.6952112828069138,0.6952112828069139,0.9492517696409632,0.7323781793631678,-0.381
Venus Flytrap,BYB_Recording_2024-05-27_22.48.45,-0.39184297433975374,0.31015188149247885,0.31015188149247874,0.9382799837736572,0.33055365866922,-0.3788
Venus Flytrap,BYB_Recording_2024-05-29_00.04.58,0.2541234581791262,0.18345756804588984,0.18345756804588984,0.7288934380759915,0.2516932633255004,-0.2588
Venus Flytrap,BYB_Recording_2024-05-29_00.16.30,-0.6205377175097028,0.35899195785070287,0.35899195785070276,0.9344190036160783,0.38418734685558753,-0.4486
Venus Flytrap,BYB_Recording_2024-05-30_01.09.15,0.6738176636362894,0.7653508637535674,0.7653508637535675,0.926236461813399,0.8263018087791023,-0.2204
Venus Flytrap,BYB_Recording_2024-06-01_21.44.30,0.39031559595994697,0.5656215780370941,0.5656215780370941,0.8526601799748994,0.6633610802063548,-0.292
Venus Flytrap,BYB_Recording_2024-06-02_21.01.38,0.5444658337927604,0.8232225603810769,0.8232225603810769,0.9143860345661019,0.9003008896255899,-0.14
Venus Flytrap,BYB_Recording_2024-07-03_11.24.59,-0.9464889486405439,-0.4960609236607506,-0.49606092366075066,0.435281478478046,-1.1396325095090627,-0.7945664658587469
Venus Flytrap,BYB_Recording_2025-01-10_17.18.20_Venus_11 mm_2record,0.5774237544910784,-0.25900678300394697,-0.25900678300394686,0.4089841445224127,-0.6332929686220465,2.321277044607487
Venus Flytrap,BYB_Recording_2025-01-10_17.49.47_Venus_7.5_2mm_record,-0.5110402719734499,0.5384699562697057,0.5384699562697054,0.8037462395499947,0.6699502029038251,0.3228475656923185
Venus Flytrap,BYB_Recording_2025-01-14_17.17.22-13 mm,0.97567079350764,0.8832004594035414,0.8832004594035414,0.9441645769773396,0.9354306240031061,-0.14465202409695038
Venus Flytrap,BYB_Recording_2025-01-14_17.31.14 -11 mm,0.8298494830082532,0.563795485277405,0.5637954852774048,0.9635990535620648,0.5850934402574017,-0.48489252478844846
