species,recording,distance_mm,gain,sigma_s,kernel_delay_s,kernel_r2,attenuation,broadening,cv
Argentian Dollar,BYB_Recording_2024-02-15_21.34.38,6.25,0.23100524609737413,1.6,2.98,0.43588034526934816,0.14,1.499,2.336
Argentian Dollar,BYB_Recording_2024-02-28_18.04.24,8.85,0.4422936096074196,0.8,1.46,0.824880742030217,0.34,2.626,5.042
Argentian Dollar,BYB_Recording_2024-02-28_18.09.31,9.32,0.06381217570687536,0.6000000000000001,0.36,0.3374925161084792,0.064,0.717,
Argentian Dollar,BYB_Recording_2024-02-29_18.32.58,11.47,0.6332828058871799,1.7000000000000002,6.08,0.8370363048038936,0.28,2.537,1.917
Argentian Dollar,BYB_Recording_2024-03-06_22.07.54,9.6,1.4089195044303209,0.7000000000000001,0.64,0.8060561228402303,1.473,0.957,14.911
Argentian Dollar,BYB_Recording_2024-03-06_22.10.49,9.88,0.09462491284889807,1.0,8.12,0.6776034835704969,0.05,1.677,1.237
Argentian Dollar,BYB_Recording_2024-03-15_21.39.34,13.1,0.3397741881873569,3.0,12.94,0.5381328419074254,0.157,3.771,1.163
Basil,BYB_Recording_2024-01-14_19.15.17,23.1,0.47808926038577215,0.4,1.5,0.7403443279253704,0.519,1.094,15.13
Basil,BYB_Recording_2024-01-23_17.24.57,21.2,0.7731167417831053,0.4,1.62,0.8716723656585404,0.776,1.312,12.786
Basil,BYB_Recording_2024-01-23_17.29.46,19.65,0.41127211148076226,1.0,0.0,0.4330357357027633,0.829,0.398,
Basil,BYB_Recording_2024-01-24_20.37.33,16.07,0.4172480927792747,1.3,1.74,0.8646044776276759,0.245,1.093,11.04
Basil,BYB_Recording_2024-01-28_14.33.45,12.89,0.10584246127004811,0.9,4.54,0.23466651330350874,0.116,1.104,2.864
Basil,BYB_Recording_2024-01-28_14.51.36,15.48,0.21035539384879426,0.5,2.98,-0.06085821807827174,0.218,2.203,5.251
Basil,BYB_Recording_2024-02-12_20.13.13,18.38,2.574535486262757,0.5,0.0,0.3193525898047308,3.827,1.369,28.918
Basil,BYB_Recording_2024-02-19_18.33.59,6.86,1.3620743561853095,3.0,0.0,0.6277995844454248,0.554,1.539,11.422
Basil,BYB_Recording_2024-02-23_19.15.06,9.86,0.24482806655192973,0.8,4.78,0.5002105209925611,0.191,1.093,2.179
Basil,BYB_Recording_2024-02-26_19.20.30,7.41,0.22260801384510281,1.4000000000000001,6.56,0.22043800269173508,0.075,5.137,1.183
Basil,BYB_Recording_2024-02-26_19.38.09,9.72,0.14752156137516048,0.30000000000000004,0.02,0.5165746393182402,0.129,2.361,
Chilean Chile,BYB_Recording_2024-02-20_20.46.43,28.69,0.36822689498027494,0.2,3.32,0.8822619373724503,0.418,0.954,8.659
Chilean Chile,BYB_Recording_2024-02-23_20.16.53,14.56,1.5333666614912447,1.1,4.64,0.859675898261686,1.347,1.05,3.23
Chilean Chile,BYB_Recording_2024-02-26_20.31.22,13.4,0.5764284254045875,0.4,1.26,0.795978149232363,0.457,1.415,10.62
Chilean Chile,BYB_Recording_2024-02-26_20.34.43,41.71,1.3549271111031558,0.8,9.56,0.23311193885995096,1.828,0.636,4.501
Chilean Chile,BYB_Recording_2024-03-11_20.19.30,26.13,0.1948526594252105,1.1,1.84,0.7791024760060933,0.122,1.825,13.556
Chilean Chile,BYB_Recording_2024-03-11_20.24.33,24.72,0.2755433982738713,0.30000000000000004,1.36,0.9205603499640206,0.261,1.125,18.292
Chilean Chile,BYB_Recording_2024-03-11_20.27.38,11.69,0.5489804935811381,0.0,0.48,0.9094743368949536,0.625,0.874,24.133
Chilean Chile,BYB_Recording_2024-03-11_20.31.48,23.08,1.623792914375532,3.0,0.0,0.19312156168491967,2.466,1.67,15.898
Chilean Chile,BYB_Recording_2024-03-11_20.34.42,18.34,0.8899413147646787,0.30000000000000004,1.04,0.8100145346026348,0.851,1.662,17.279
Creeping Inchplant,BYB_Recording_2024-02-05_19.37.45,,0.6744263444177405,2.0,2.94,0.7348612259914089,0.492,0.989,
Creeping Inchplant,BYB_Recording_2024-02-07_19.05.17,7.13,0.4048369464071477,0.8,1.26,0.7078144990342676,0.353,1.464,5.011
Creeping Inchplant,BYB_Recording_2024-02-19_19.26.20,12.43,0.16352691793075166,1.9000000000000001,2.22,0.8240047224394278,0.048,4.492,5.2
Creeping Inchplant,BYB_Recording_2024-02-20_20.02.17,12.43,0.4936659902755405,2.4000000000000004,3.74,0.7283640024468537,0.543,1.377,2.406
Creeping Inchplant,BYB_Recording_2024-02-20_20.07.25,7.99,0.1117635732811915,0.7000000000000001,6.74,0.5251664951057635,0.129,2.362,1.196
Creeping Inchplant,BYB_Recording_2024-02-20_20.10.44,8.75,-1.1726677524042068,0.9,15.0,-0.07041819495388979,4.261,17.919,1.203
Creeping Inchplant,BYB_Recording_2024-02-26_20.12.11,16.14,0.3155054712293419,2.4000000000000004,2.2,0.47201379924237497,0.247,1.102,11.718
Creeping Inchplant,BYB_Recording_2024-02-28_18.46.50,12.82,2.7745700990411644,2.4000000000000004,0.0,0.34320591623898666,6.548,1.23,8.173
Creeping Inchplant,BYB_Recording_2024-02-28_18.55.01,9.39,0.9322584222622544,3.0,0.0,-0.00033047738512959057,19.872,2.493,3.788
Creeping Inchplant,BYB_Recording_2024-02-29_17.41.48,12.91,0.4576932340628994,1.9000000000000001,1.56,0.5008292733914675,0.174,2.447,8.543
Creeping Inchplant,BYB_Recording_2024-03-04_20.35.25,13.42,-0.7930736050754252,3.0,0.0,-0.2685764825478658,7.554,9.323,9.366
Creeping Inchplant,BYB_Recording_2024-03-04_20.43.03,14.0,0.29796812134700995,0.2,0.8,0.686468641040372,0.376,0.956,17.404
Creeping Inchplant,BYB_Recording_2024-03-04_20.50.21,16.51,0.3145333325108574,0.6000000000000001,1.0,0.7485659843559067,0.277,1.061,17.372
Creeping Inchplant,BYB_Recording_2024-03-06_21.56.45,18.42,0.18087544394076407,2.4000000000000004,4.9,0.5378297232213098,0.077,1.086,4.481
Creeping Inchplant,BYB_Recording_2024-03-06_21.59.50,10.94,6.303379908404087,1.0,0.0,0.5502615092333605,6.91,3.309,16.102
Hierbabuena,BYB_Recording_2024-02-22_17.13.41,10.83,0.241562720165594,0.9,5.56,0.8086428134251362,0.164,1.09,2.034
Hierbabuena,BYB_Recording_2024-02-22_17.17.23,8.37,0.5757633864160991,1.3,0.0,0.5571065259175432,0.359,4.311,
Hierbabuena,BYB_Recording_2024-02-26_19.52.38,7.5,0.6954990310234885,0.1,2.66,0.5873930877392075,1.06,0.626,2.815
Hierbabuena,BYB_Recording_2024-02-26_19.59.40,7.35,0.33434039284146927,0.4,2.18,0.2602383979829628,0.508,3.417,3.361
Hierbabuena,BYB_Recording_2024-03-01_17.55.10,8.25,0.4392224048014152,0.5,3.42,0.8690344524735657,0.407,0.991,2.4
Hierbabuena,BYB_Recording_2024-03-01_18.01.51,10.19,0.2415049542323671,0.2,4.58,0.8331444305493292,0.315,0.611,2.212
Hierbabuena,BYB_Recording_2024-03-01_18.08.05,7.8,0.2107042801882224,0.0,0.42,0.8227661059111775,0.233,0.92,18.431
Hierbabuena,BYB_Recording_2024-03-04_20.20.54,8.83,0.1745664110997818,3.0,3.7,0.5241355234152503,0.116,0.549,2.138
Hierbabuena,BYB_Recording_2024-03-08_21.04.08,6.56,1.934860251178974,0.0,0.44,0.9604195483320239,2.239,0.804,14.902
Hierbabuena,BYB_Recording_2024-03-08_21.12.27,8.1,0.5223963143722019,0.8,1.8,0.9488793904191514,0.284,2.55,3.969
Hierbabuena,BYB_Recording_2024-03-08_21.18.08,7.32,0.523991155814024,0.8,1.64,0.84812412642065,0.444,1.139,5.578
Hierbabuena,BYB_Recording_2024-03-08_21.22.04,6.62,0.7026507897983881,0.2,0.32,0.9944553975101456,0.644,1.05,20.508
Hierbabuena,BYB_Recording_2024-03-08_21.24.53,6.41,0.41144008024706347,0.1,0.34,0.9937072502719368,0.368,1.165,19.307
Hierbabuena,BYB_Recording_2024-03-08_21.27.40,5.72,0.4608605352171389,0.30000000000000004,0.8,0.9569609358090378,0.425,0.914,6.917
Marijuana,BYB_Recording_2025-08-23_22.07.27-28.8mm,27.8,1.4488972669320364,0.2,2.66,0.9305078822724691,1.521,0.929,10.439
Marijuana,BYB_Recording_2025-08-23_22.55.19-22mm,22.0,1.8812870548230762,0.4,1.58,0.6394227425377399,1.944,1.184,13.81
Marijuana,BYB_Recording_2025-08-23_23.19.28-21mm,21.0,1.0563200611679993,1.3,5.26,0.9403168007274068,0.733,1.565,4.042
Marijuana,BYB_Recording_2025-08-23_23.30.42-22mm,22.0,0.5629425791120918,0.30000000000000004,2.9,0.6673617517242976,0.59,1.139,7.622
Marijuana,BYB_Recording_2025-08-23_23.44.45-26mm,26.0,0.5267328631408021,0.6000000000000001,2.94,0.7108334963130227,0.451,1.264,8.835
Marijuana,BYB_Recording_2025-09-13_01.03.00-23.11mm,23.1,0.9864852356576458,2.3000000000000003,10.78,0.8041353062613751,0.73,1.186,2.103
Marijuana,BYB_Recording_2025-09-13_01.21.52-16.78mm,16.8,0.9150305204612071,1.7000000000000002,5.84,0.8658250375047035,0.648,1.041,2.849
Marijuana,BYB_Recording_2025-09-13_01.45.23-24.26mm,24.3,0.6824348823015745,0.1,1.38,0.7807625967759516,0.814,0.771,17.662
Marijuana,BYB_Recording_2025-09-15_00.20.12-21.09mm,21.1,0.912902859433251,0.4,1.36,0.7504432694615014,1.193,0.736,14.608
Marijuana,BYB_Recording_2025-09-15_00.27.51-21.09mm,18.1,2.8407161840184063,0.9,4.84,0.32472235372326563,3.201,1.468,3.907
Marijuana,BYB_Recording_2025-09-15_00.38.35-16.49mm,16.5,1.2787775540015618,1.5,8.02,0.8825726581997481,0.92,1.355,2.039
Marijuana,BYB_Recording_2025-09-15_00.47.20-16.06mm,16.1,0.5108960809682991,2.1,4.66,0.7910603902084546,0.216,1.272,2.969
Mint,BYB_Recording_2023-12-19_18.14.10,10.0,0.6414463590219125,1.0,3.12,0.5082456072693646,0.668,1.433,3.341
Mint,BYB_Recording_2024-01-26_19.52.38,27.11,0.3636353868990842,1.7000000000000002,4.52,0.5855595779545768,0.235,1.205,6.027
Mint,BYB_Recording_2024-01-26_20.00.04,22.39,0.8283939514642507,3.0,7.04,0.4067990934698055,0.429,0.894,5.091
Mint,BYB_Recording_2024-01-26_20.08.19,36.21,1.0890847388249516,2.8000000000000003,8.26,0.5822937629990685,0.266,2.265,3.982
Mint,BYB_Recording_2024-02-09_22.29.45,22.43,0.5464625118815585,0.0,0.02,-0.0772804554513653,2.46,14.534,2.396
Mint,BYB_Recording_2024-02-12_19.02.16,35.22,0.1851608520424743,0.4,9.14,0.3329623673187433,0.194,3.328,3.821
Mint,BYB_Recording_2024-02-12_20.19.02,30.82,0.34639835477895004,1.9000000000000001,9.44,0.25348464022775197,0.429,0.53,3.374
Mint,BYB_Recording_2024-02-20_19.07.45,30.92,0.19066256915833915,0.7000000000000001,11.28,0.6678501748950786,0.197,1.419,2.707
Mint,BYB_Recording_2024-02-20_19.11.24,42.25,-1.0677096355992919,1.1,13.04,-0.48990936546836794,2.477,10.608,2.75
Mint,BYB_Recording_2024-02-20_19.19.15,9.54,0.735744892080211,0.4,0.94,0.6976097423230043,0.938,1.208,10.586
Mint,BYB_Recording_2024-02-20_19.22.59,14.08,0.5247903548982332,0.7000000000000001,2.42,0.867851560519125,0.412,1.458,5.925
Mint,BYB_Recording_2024-02-20_19.26.22,11.56,0.30479020444330573,0.6000000000000001,1.92,0.7482905364862062,0.289,1.24,6.483
Mint,BYB_Recording_2024-02-20_19.32.55,16.83,0.29515976572975805,1.5,4.2,0.6453342896403922,0.173,2.046,4.56
Mint,BYB_Recording_2024-02-20_19.38.46,19.74,0.392970176842619,1.4000000000000001,6.88,0.6715379204149001,0.145,7.646,2.67
Ornamental Chile,BYB_Recording_2024-02-07_19.42.39,11.93,0.24202045360223948,0.8,2.26,0.8573002803417704,0.155,2.639,5.62
Ornamental Chile,BYB_Recording_2024-02-07_19.48.46,16.53,1.236071182943983,1.2000000000000002,4.4,0.7012898332196484,0.977,1.776,3.766
Ornamental Chile,BYB_Recording_2024-02-12_19.32.29,27.19,0.7260393439600595,0.6000000000000001,5.74,0.5371526512624034,0.908,1.693,4.749
Ornamental Chile,BYB_Recording_2024-02-19_18.55.40,20.27,0.3371422598144475,0.8,1.92,0.7375854312133266,0.236,2.249,9.854
Ornamental Chile,BYB_Recording_2024-02-19_18.58.46,24.14,0.1415947857331429,1.8,10.68,0.8494920297007974,0.051,2.482,2.311
Ornamental Chile,BYB_Recording_2024-02-19_19.03.24,19.25,0.3834597718931971,0.5,1.42,0.8834554130510444,0.317,1.868,13.772
Ornamental Chile,BYB_Recording_2024-02-19_19.07.47,17.7,0.20631616510798104,0.4,3.18,0.16003827369689394,0.433,1.352,16.948
Ornamental Chile,BYB_Recording_2024-02-19_19.10.37,26.95,0.13504253920010495,1.8,7.32,0.9035296133980142,0.05,2.581,3.843
Ornamental Chile,BYB_Recording_2024-02-19_19.17.58,18.5,0.17716305728707288,0.8,4.78,-0.030733606087121945,0.073,2.202,4.134
Ornamental Chile,BYB_Recording_2024-02-22_17.57.13,26.03,0.4745013663245304,0.4,4.46,0.9142844726905942,0.443,1.246,5.848
Ornamental Chile,BYB_Recording_2024-02-22_18.00.13,19.54,0.21704493801824218,0.6000000000000001,3.26,0.8095317100942387,0.193,1.64,5.935
Ornamental Chile,BYB_Recording_2024-02-23_19.53.15,21.54,-0.7245284104883086,1.9000000000000001,15.0,0.045463746862890675,1.466,1.674,9.149
Ornamental Chile,BYB_Recording_2024-02-23_19.55.48,24.41,0.17442503996166772,3.0,11.0,0.6330207071961451,0.128,8.778,2.552
Ornamental Chile,BYB_Recording_2024-02-23_19.59.02,14.12,0.13964074871832757,0.2,1.8,0.6747618896073264,0.166,0.902,7.959
Ornamental Chile,BYB_Recording_2024-02-23_20.04.22,23.63,0.5241555331167722,2.4000000000000004,13.84,0.6383464805606099,0.175,6.602,1.698
Rosemary,BYB_Recording_2024-02-15_21.13.19,11.72,3.7129226251266525,0.6000000000000001,4.46,0.8106317936620402,3.294,7.39,2.594
Rosemary,BYB_Recording_2024-02-15_21.20.04,26.7,0.12448981496277495,0.2,9.82,0.4264822502614578,0.125,1.032,2.723
Rosemary,BYB_Recording_2024-02-15_21.27.05,7.96,4.538668351540955,2.2,0.0,0.12922974193760373,9.169,5.817,3.366
Rosemary,BYB_Recording_2024-02-19_19.56.50,16.01,1.1567176262565262,0.7000000000000001,3.74,0.9581117255779967,0.862,1.407,4.242
Rosemary,BYB_Recording_2024-02-23_19.35.51,13.19,0.31364760496026906,0.0,0.68,0.4034561528297904,0.408,0.76,19.64
Rosemary,BYB_Recording_2024-02-26_18.50.08,9.44,0.5190697236990535,0.6000000000000001,0.22,0.18219362625217128,0.418,2.205,
Rosemary,BYB_Recording_2024-02-26_19.10.25,9.84,0.43029536885862263,0.7000000000000001,2.26,0.8439879425941987,0.334,1.232,4.241
Rosemary,BYB_Recording_2024-02-29_17.20.55,,0.4332115208425389,0.30000000000000004,0.72,0.9190013016198177,0.433,0.901,
Ruda,BYB_Recording_2024-01-17_20.14.33,14.88,0.39689299129773314,0.0,0.48,0.8977031468405757,0.418,0.75,31.472
Ruda,BYB_Recording_2024-02-05_19.17.48,13.84,0.46383129723609395,1.0,0.38,0.6570387186125286,0.378,2.239,10.016
Ruda,BYB_Recording_2024-02-20_19.48.40,15.21,0.505517942284519,1.0,1.7,0.6323657756541124,0.493,1.214,7.189
Ruda,BYB_Recording_2024-02-20_19.51.32,17.36,0.5112454870428692,1.0,2.1,0.8023285090914074,0.317,1.892,8.639
Ruda,BYB_Recording_2024-02-20_19.54.12,10.78,0.203337269024623,0.30000000000000004,0.96,0.8339886819152635,0.218,0.997,11.123
Ruda,BYB_Recording_2024-02-20_19.57.31,8.15,0.722289125590809,0.2,0.88,0.6523154292866097,0.931,2.343,9.49
Ruda,BYB_Recording_2024-02-22_18.37.41,8.39,0.19169832412144522,0.9,3.0,0.6383128766820696,0.166,1.428,2.665
Ruda,BYB_Recording_2024-02-22_18.44.37,8.99,0.29487658587547594,1.9000000000000001,3.2,0.8998011372411261,0.082,3.414,3.053
Ruda,BYB_Recording_2024-02-23_20.25.25,7.11,0.3602921312568568,0.8,0.28,0.8059695921899277,0.232,1.259,14.51
Ruda,BYB_Recording_2024-02-29_16.58.27,8.96,1.6840117997775406,0.1,0.0,0.3207339806326239,2.209,1.375,
Ruda,BYB_Recording_2024-03-04_19.50.01,9.15,0.5380700946831979,0.9,0.5,0.9023394300963646,0.389,3.776,18.344
Ruda,BYB_Recording_2024-03-04_20.01.12,11.66,0.24242476250217354,2.3000000000000003,4.2,0.8616404489134513,0.054,7.58,2.904
Ruda,BYB_Recording_2024-03-06_21.31.33,10.3,0.47628715362174523,0.30000000000000004,0.66,0.9791589109730068,0.44,1.139,15.841
Ruda,BYB_Recording_2024-03-06_21.44.52,9.32,0.3721173668958265,0.2,0.3,0.79908222450773,0.632,0.321,29.198
Sensitive Mimosa,BYB_Recording_2021-07-26_12.46.45,40.0,4.930511718720636,0.7000000000000001,0.0,0.5902290732514269,6.125,0.682,86.73
Sensitive Mimosa,BYB_Recording_2024-06-27_17.07.10,21.6,0.8128789409722484,0.1,1.0,0.8884881805153014,0.811,1.021,19.722
Sensitive Mimosa,BYB_Recording_2024-06-27_17.25.17,14.8,0.2426813135368525,0.2,1.26,0.899587706176486,0.231,0.98,11.256
Sensitive Mimosa,BYB_Recording_2024-06-27_17.42.19,15.9,0.44106675429386777,0.2,1.46,0.895673941966682,0.455,0.889,11.18
Sensitive Mimosa,BYB_Recording_2024-06-27_18.31.29,13.9,0.17181380911743185,0.0,1.3,0.7319151271419915,0.194,0.896,10.725
Sensitive Mimosa,BYB_Recording_2024-06-27_18.48.14,9.5,0.051941826976188335,0.1,0.06,0.30349968514142267,0.07,1.767,33.101
Sensitive Mimosa,BYB_Recording_2024-06-27_19.01.26,15.3,3.455294105563693,0.0,0.98,0.8110755703967056,3.529,0.91,15.536
Sensitive Mimosa,BYB_Recording_2024-06-27_19.15.52,14.1,6.202713809715401,0.2,0.72,0.9144903736453656,4.607,1.429,22.268
Sensitive Mimosa,BYB_Recording_2024-06-27_19.57.29,15.5,4.36376438828472,0.0,0.44,0.9358869346737156,4.549,0.926,32.319
Sensitive Mimosa,BYB_Recording_2024-07-08_16.06.58,15.9,1.263348507680828,0.30000000000000004,0.0,0.7135847139690592,0.825,2.097,
Sensitive Mimosa,BYB_Recording_2024-07-08_17.02.56,15.23,1.4988115828020852,0.2,1.96,0.9427354767669768,1.318,1.118,7.424
Sensitive Mimosa,BYB_Recording_2024-07-10_12.31.11,15.64,1.173573473128905,0.2,0.11996905839056751,0.36217843038311404,1.952,1.868,
Sensitive Mimosa,BYB_Recording_2024-07-10_12.56.35,14.21,1.3068709022881024,0.1,0.0,0.10671564835636416,2.27,1.819,1.091
Sensitive Mimosa,BYB_Recording_2024-07-11_11.28.52,18.02,0.8465314103946778,0.0,1.7595461897283233,0.9010039452859673,0.985,0.789,10.536
Sensitive Mimosa,BYB_Recording_2024-07-11_11.50.12,12.42,1.1393480117412158,0.0,0.8597782517990671,0.8812258357655816,1.372,0.775,14.289
Sensitive Mimosa,BYB_Recording_2024-07-11_12.37.51,13.13,1.0523278725450673,0.1,0.9397576240594454,0.8676183702652709,1.028,1.034,14.354
Sensitive Mimosa,BYB_Recording_2024-07-11_13.14.26,14.6,0.7067680270937143,0.2,1.7195565035981342,0.36388469263477274,1.014,1.343,7.94
Tomato,BYB_Recording_2024-02-03_21.26.23,6.24,0.49987041814193883,0.1,0.16,0.6741657343650944,0.806,0.832,
Tomato,BYB_Recording_2024-02-03_21.30.34,10.08,0.4258977614556897,0.9,0.56,0.657025620295075,0.309,1.021,16.628
Tomato,BYB_Recording_2024-02-06_19.19.43,10.6,2.3403523921694975,3.0,2.68,0.33742115562194197,0.928,1.025,8.43
Tomato,BYB_Recording_2024-02-06_20.01.08,10.8,0.15493589877596076,0.0,0.78,0.3025393522115942,0.249,1.582,13.776
Tomato,BYB_Recording_2024-02-12_20.26.05,8.04,0.6914933100143414,0.7000000000000001,4.82,0.7633625974718106,0.439,2.387,1.661
Tomato,BYB_Recording_2024-02-19_18.44.04,9.19,1.0562284248106173,0.30000000000000004,1.54,0.4998178382781928,1.211,1.016,6.237
Tomato,BYB_Recording_2024-06-26_23.32.41,,0.3480686805431098,0.6000000000000001,2.4,0.8991879217792528,0.228,1.575,
Tomato,BYB_Recording_2024-06-26_23.54.25,,1.4615203547596853,1.1,0.08,0.664419919449273,1.143,3.066,
Tomato,BYB_Recording_2024-06-27_00.22.45,,3.2539745781547427,0.6000000000000001,1.1,0.7041282413519014,2.83,2.729,
Tomato,BYB_Recording_2024-07-05_16.48.00,10.4,0.9748371212729201,2.0,3.88,0.8746183198964714,0.444,2.37,3.064
Tomato,BYB_Recording_2024-07-05_16.51.56,10.5,0.9748614176198824,0.6000000000000001,0.98,0.7668122229943146,0.874,1.313,10.651
Tomato,BYB_Recording_2024-07-09_15.12.30,,1.1175028826214009,0.30000000000000004,0.5398607627575538,0.9776477624598325,1.177,0.864,
Tomato,BYB_Recording_2024-07-10_11.32.51,,1.4013497280771876,0.8,2.839267715243431,0.7971549296480064,1.352,1.392,
Venus Flytrap,BYB_Recording_2024-01-28_16.49.19,13.36,0.2823856197837256,0.30000000000000004,0.36,0.4609825462493723,0.192,1.135,26.55
Venus Flytrap,BYB_Recording_2024-05-16_22.38.00,12.41,0.13052001910321134,0.2,0.58,0.6695614873529742,0.136,0.384,29.832
Venus Flytrap,BYB_Recording_2024-05-21_00.22.52,9.36,0.40494705323232666,0.2,0.68,0.7197306224445448,0.423,0.34,19.747
Venus Flytrap,BYB_Recording_2024-05-22_23.31.14,14.25,0.09477080576384142,0.0,0.46,0.7017944212790899,0.119,1.062,28.386
Venus Flytrap,BYB_Recording_2024-05-22_23.36.51,9.68,0.5195254739727418,0.1,0.3,0.6485513574368964,0.533,1.357,31.947
Venus Flytrap,BYB_Recording_2024-05-23_22.13.46,13.12,0.4963186082305767,0.1,0.3,0.8497967599577508,0.477,0.898,63.382
Venus Flytrap,BYB_Recording_2024-05-25_20.35.34,17.8,0.3067515522615964,0.2,0.38,0.852976788565913,0.212,4.025,43.842
Venus Flytrap,BYB_Recording_2024-05-27_22.48.45,8.64,1.2042115957479194,0.2,0.4,0.9045368789401788,0.939,1.381,27.71
Venus Flytrap,BYB_Recording_2024-05-29_00.04.58,12.42,0.38036538567666345,0.1,0.28,0.5408208524139204,0.479,0.733,56.047
Venus Flytrap,BYB_Recording_2024-05-29_00.16.30,11.06,0.43981359123902747,0.0,0.44,0.8294794946672476,0.581,1.278,24.286
Venus Flytrap,BYB_Recording_2024-05-30_01.09.15,,0.22578020711194796,0.0,0.22,0.65763274125004,0.253,1.232,
Venus Flytrap,BYB_Recording_2024-06-01_21.44.30,,1.0009324608725283,0.1,0.3,0.7259642364143222,0.769,1.162,
Venus Flytrap,BYB_Recording_2024-07-03_11.24.59,6.5,0.1429328513728602,0.4,1.6995616605330397,0.13770829946008778,0.177,1.256,22.214
Venus Flytrap,BYB_Recording_2025-01-10_17.18.20_Venus_11 mm_2record,11.0,0.31383818746374487,0.4,2.1394482079651205,0.24349781853213248,0.231,1.409,37.884
Venus Flytrap,BYB_Recording_2025-01-10_17.49.47_Venus_7.5_2mm_record,7.5,0.28710392067022766,0.2,0.31991748904151335,0.6626838460191724,0.303,1.078,19.576
Venus Flytrap,BYB_Recording_2025-01-14_17.17.22-13 mm,13.0,0.5571359633840932,0.0,0.1399639014556621,0.7756502064821279,0.579,0.898,48.326
Venus Flytrap,BYB_Recording_2025-01-14_17.31.14 -11 mm,11.0,0.2264505430124715,0.30000000000000004,0.49987107662736463,0.9719146827655266,0.164,1.524,14.432
