species,recording,norm,r2_active,r2_passive,sigma,gain_active,gain_passive,tau,bic_active,bic_passive,passive_gap,winner
Argentian Dollar,BYB_Recording_2024-02-05_20.00.19,norm,0.22322938766859346,0.22322938766859346,0.0,0.38125577926509036,0.38125577926509036,0.9576,-9976.34983242925,-9968.51425318258,0.0,active
Argentian Dollar,BYB_Recording_2024-02-05_20.00.19,raw,-51.24853295109036,0.001602904204728861,4.0,1.0,1.0,0.9576,26492.55008617261,24744.62426492165,51.25013585529509,passive
Argentian Dollar,BYB_Recording_2024-02-15_21.34.38,norm,0.3731457712108097,0.46885660822618713,0.9203389830508475,0.6410359243239011,1.768852575330489,1.5288,-15961.984950912049,-16593.5898861103,0.09571083701537741,passive
Argentian Dollar,BYB_Recording_2024-02-15_21.34.38,raw,-53.43644177200774,0.1350999783897392,2.1254237288135593,1.0,1.0,1.5288,39036.61015450931,35809.330231599844,53.57154175039748,passive
Argentian Dollar,BYB_Recording_2024-02-28_18.04.24,norm,0.387209200533041,0.4914365018724679,0.7864406779661017,0.5555248419059193,1.7087242850448214,1.974,-13637.258849059934,-14289.061639497837,0.10422730133942693,passive
Argentian Dollar,BYB_Recording_2024-02-28_18.04.24,raw,-12.140137671910644,0.43117888492506107,1.188135593220339,1.0,1.0,1.974,30689.979009280876,26248.95026695389,12.571316556835704,passive
Argentian Dollar,BYB_Recording_2024-02-28_18.09.31,norm,0.35900432336150423,0.4839432394805586,0.5855932203389831,1.2314230776881139,3.075830813588385,0.0168,-16354.354444309443,-17171.70664916087,0.12493891611905439,passive
Argentian Dollar,BYB_Recording_2024-02-28_18.09.31,raw,0.08660012354314306,0.08660012354314306,0.0,1.0,1.0,0.0168,51184.40058050007,51192.64543989598,0.0,active
Argentian Dollar,BYB_Recording_2024-02-29_18.32.58,norm,0.12412635901639779,0.3696212460057724,1.8576271186440678,0.24469888012862112,3.762479857389404,5.8296,-16986.48155999122,-18293.134206573515,0.2454948869893746,passive
Argentian Dollar,BYB_Recording_2024-02-29_18.32.58,raw,-66.73004285960361,0.3586055541163232,2.1254237288135593,1.0,1.0,5.8296,34551.072741805,30014.608980160414,67.08864841371994,passive
Argentian Dollar,BYB_Recording_2024-03-06_22.07.54,norm,0.3816518927381929,0.414842110641341,0.4516949152542373,0.5346749888588574,0.7154232336632022,0.714,-15263.765067915774,-15507.628968203846,0.033190217903148134,passive
Argentian Dollar,BYB_Recording_2024-03-06_22.07.54,raw,0.3634399379077976,0.4136076173929969,0.3847457627118644,1.0,1.0,0.714,43934.278099081734,43567.31020882326,0.05016767948519929,passive
Argentian Dollar,BYB_Recording_2024-03-06_22.10.49,norm,0.6448156513176799,0.75354657106551,0.652542372881356,1.1694165295250616,2.193094660622609,7.8792,-14936.332642282845,-16418.746284839683,0.10873091974783011,passive
Argentian Dollar,BYB_Recording_2024-03-06_22.10.49,raw,-471.34643197943024,0.004888624319572377,3.5983050847457623,1.0,1.0,7.8792,36034.366710994305,33197.38337934641,471.3513206037498,passive
Argentian Dollar,BYB_Recording_2024-03-15_21.39.34,norm,0.07669195826467035,0.13777104747356894,1.3889830508474577,0.39037906338051126,1.801308501786535,2.3604,-13628.957354253813,-13943.885544955196,0.061079089208898596,passive
Argentian Dollar,BYB_Recording_2024-03-15_21.39.34,raw,-67.74499894217337,0.007509282771269832,4.0,1.0,1.0,2.3604,41611.39029807958,38311.47833201253,67.75250822494463,passive
Basil,BYB_Recording_2024-01-14_19.15.17,norm,0.5337537319035608,0.5471647971166751,0.25084745762711863,0.7544708579986376,0.8826205084849937,1.5624,-33517.692282639626,-33710.11815987402,0.013411065213114304,passive
Basil,BYB_Recording_2024-01-14_19.15.17,raw,-1.587648840878423,0.3324320216372453,0.8533898305084746,1.0,1.0,1.5624,61708.06335299379,54153.63744098682,1.9200808625156682,passive
Basil,BYB_Recording_2024-01-23_17.24.57,norm,0.6918743087490189,0.8250951902322912,0.5186440677966102,0.7478608946273622,1.3466965956653758,1.8312,-7600.447344924152,-8644.47641565464,0.13322088148327227,passive
Basil,BYB_Recording_2024-01-23_17.24.57,raw,0.4793768167760657,0.8145019848417362,0.4516949152542373,1.0,1.0,1.8312,21803.87148370417,19895.006993519084,0.3351251680656705,passive
Basil,BYB_Recording_2024-01-23_17.29.46,norm,0.3192417589509854,0.37559364995516953,0.5186440677966102,0.6280139233908234,1.128325842574982,2.1504,-7537.290745139049,-7751.932278477898,0.05635189100418414,passive
Basil,BYB_Recording_2024-01-23_17.29.46,raw,-0.4082860756360174,0.3703546762161454,0.7194915254237289,1.0,1.0,2.1504,24374.828478246705,22309.879151990564,0.7786407518521627,passive
Basil,BYB_Recording_2024-01-24_20.37.33,norm,0.4691383436484766,0.6037732662189648,0.5186440677966102,0.8072114803337658,1.3311376594292192,1.1172,-16296.026344417858,-17597.20859998597,0.13463492257048815,passive
Basil,BYB_Recording_2024-01-24_20.37.33,raw,-18.327870163823874,0.2178650834196597,1.790677966101695,1.0,1.0,1.1256,51152.27105682364,46959.572526570766,18.545735247243535,passive
Basil,BYB_Recording_2024-01-28_14.33.45,norm,0.23113998043064887,0.2484640921761575,0.652542372881356,0.15958420395764528,0.2447817448647153,4.4856,-18053.137529612406,-18121.007242107935,0.01732411174550863,passive
Basil,BYB_Recording_2024-01-28_14.33.45,raw,-71.22516370408923,0.0661352536202866,2.527118644067796,1.0,1.0,4.4856,31162.483329003575,28633.185483540514,71.29129895770951,passive
Basil,BYB_Recording_2024-01-28_14.51.36,norm,0.14277218140302184,0.23085705504379228,0.5855932203389831,0.37804744424739267,0.9427702763997703,2.9652,-16758.074473704834,-17270.371779939145,0.08808487364077044,passive
Basil,BYB_Recording_2024-01-28_14.51.36,raw,-13.834622253129321,0.0874432885574905,1.9245762711864407,1.0,1.0,2.9652,51121.721611855646,47363.91606459816,13.922065541686813,passive
Basil,BYB_Recording_2024-02-12_20.13.13,norm,0.35719570190291927,0.3703206495808682,0.4516949152542373,0.37584789916482736,0.5627412275536772,0.6048,-13014.048450284274,-13074.695272790666,0.013124947677948917,passive
Basil,BYB_Recording_2024-02-12_20.13.13,raw,-21.477538364099125,0.029030055323330584,2.9957627118644066,1.0,1.0,0.6048,37473.42777262969,35074.75737082362,21.506568419422457,passive
Basil,BYB_Recording_2024-02-19_18.33.59,norm,0.14586796253647205,0.23421399972824009,0.5186440677966102,0.3893988831405076,0.8631330385480946,7.9967999999999995,-17579.03909205741,-18056.06710448494,0.08834603719176803,passive
Basil,BYB_Recording_2024-02-19_18.33.59,raw,-5.116352189480386,0.05853228482510442,1.6567796610169492,1.0,1.0,7.9967999999999995,41293.384215688435,37954.113688549296,5.1748844743054905,passive
Basil,BYB_Recording_2024-02-23_19.15.06,norm,0.6084136770309976,0.6377195159526992,0.18389830508474575,0.8581956356207102,0.9701155124338091,4.3848,-9901.01790242142,-10097.336609053724,0.029305838921701577,passive
Basil,BYB_Recording_2024-02-23_19.15.06,raw,-24.861181603197753,0.296155735487476,1.8576271186440678,1.0,1.0,4.3848,29525.546092810666,26793.325231748502,25.15733733868523,passive
Basil,BYB_Recording_2024-02-26_19.20.30,norm,0.366857501519287,0.5486808589703175,0.652542372881356,1.0910514449179314,2.707879233979863,0.0252,-14157.478544028318,-15605.76645229349,0.1818233574510305,passive
Basil,BYB_Recording_2024-02-26_19.20.30,raw,-94.18630329666526,0.2519739739604081,2.0584745762711862,1.0,1.0,0.0252,41814.84702293906,37593.51757625222,94.43827727062566,passive
Basil,BYB_Recording_2024-02-26_19.38.09,norm,0.7871953255225245,0.8142359810890953,0.18389830508474575,1.1347264299285427,1.2523817939828754,0.0252,-22524.13563658047,-23197.277465016443,0.02704065556657087,passive
Basil,BYB_Recording_2024-02-26_19.38.09,raw,0.22603157463460632,0.22603157463460632,0.0,1.0,1.0,0.0252,65585.37368877568,65593.89407685799,0.0,active
Chilean Chile,BYB_Recording_2024-02-20_20.46.43,norm,0.8048030528065001,0.81664903857483,0.18389830508474575,0.7929619706569043,0.8369560861201104,3.2424,-13628.896049459036,-13805.659101109515,0.011845985768329848,passive
Chilean Chile,BYB_Recording_2024-02-20_20.46.43,raw,-1.826878163370388,0.6162525450432362,1.1211864406779661,1.0,1.0,3.2424,35205.886355805145,30343.493717928777,2.4431307084136242,passive
Chilean Chile,BYB_Recording_2024-02-23_20.12.50,norm,0.07596664758081717,0.12097248716927722,0.3847457627118644,0.8533957141002713,3.595569524917748,0.0084,-21163.41123461639,-21426.83759972172,0.04500583958846005,passive
Chilean Chile,BYB_Recording_2024-02-23_20.12.50,raw,0.06628444496789265,0.06628444496789265,0.0,1.0,1.0,0.0084,60120.88831407207,60129.49131791991,0.0,active
Chilean Chile,BYB_Recording_2024-02-23_20.16.53,norm,0.12404381836604361,0.30485400814703634,1.5898305084745763,0.23425001250539032,2.118041593842039,3.4692,-15821.444389436063,-16787.581474316066,0.18081018978099272,passive
Chilean Chile,BYB_Recording_2024-02-23_20.16.53,raw,-0.6969799689350877,0.2566928895325423,0.9872881355932204,1.0,1.0,3.4692,41505.63799845645,38034.518073798434,0.9536728584676301,passive
Chilean Chile,BYB_Recording_2024-02-23_20.20.33,norm,0.108107798882779,0.12689032766241892,0.4516949152542373,0.12907554449584804,0.21479851240092707,0.0084,-24034.461769309415,-24111.514462187537,0.01878252877963993,passive
Chilean Chile,BYB_Recording_2024-02-23_20.20.33,raw,-15.148675808515573,0.0488551452308591,2.1254237288135593,1.0,1.0,-3.528,34899.61485897249,31929.540185100774,15.197530953746433,passive
Chilean Chile,BYB_Recording_2024-02-26_20.31.22,norm,0.7233373502413146,0.8210839493120143,0.4516949152542373,1.1042587744811048,1.74370850658317,1.2852,-16784.19614702605,-18450.166142384573,0.09774659907069971,passive
Chilean Chile,BYB_Recording_2024-02-26_20.31.22,raw,-0.6224568054669479,0.7375764590310534,0.652542372881356,1.0,1.0,1.2852,39379.17636526755,32390.137810018125,1.3600332644980013,passive
Chilean Chile,BYB_Recording_2024-02-26_20.34.43,norm,0.3077977454661992,0.31844918647238574,0.18389830508474575,0.4511646369044638,0.49854319855031193,1.6212,-12477.63583880603,-12527.604719862456,0.010651441006186535,passive
Chilean Chile,BYB_Recording_2024-02-26_20.34.43,raw,-7.995881052897596,0.13455929463882066,1.790677966101695,1.0,1.0,1.6296,35380.42565508824,32246.781457926787,8.130440347536418,passive
Chilean Chile,BYB_Recording_2024-03-11_20.19.30,norm,0.44791377724642867,0.45293118796829057,0.11694915254237288,0.7976861090611503,0.8240129603244839,1.9824,-18243.454304966683,-18274.932716120697,0.0050174107218619035,passive
Chilean Chile,BYB_Recording_2024-03-11_20.19.30,raw,-61.10558125317163,0.22078085567603178,2.192372881355932,1.0,1.0,1.9824,32904.8591335147,28799.988418116638,61.32636210884766,passive
Chilean Chile,BYB_Recording_2024-03-11_20.24.33,norm,0.8938412283635911,0.8979784992916734,0.3177966101694915,0.993700175517426,1.1049090226532845,1.2684,-20672.018138273586,-20826.486025800034,0.004137270928082248,passive
Chilean Chile,BYB_Recording_2024-03-11_20.24.33,raw,-8.643459531718111,0.6102193630437562,1.4559322033898305,1.0,1.0,1.2684,39904.91319485783,33218.65009381287,9.253678894761867,passive
Chilean Chile,BYB_Recording_2024-03-11_20.27.38,norm,0.8942984533160152,0.9223441043091738,0.25084745762711863,1.1359299172715487,1.3634452350112072,0.48719999999999997,-23839.44800975289,-25067.871075875053,0.02804565099315859,passive
Chilean Chile,BYB_Recording_2024-03-11_20.27.38,raw,0.7863093703431966,0.9084712388128469,0.25084745762711863,1.0,1.0,0.48719999999999997,37318.19517682202,33925.661094264775,0.12216186846965027,passive
Chilean Chile,BYB_Recording_2024-03-11_20.31.48,norm,0.4040962955987134,0.5332727182598895,0.8533898305084746,0.670140714097289,2.1373512533151295,2.4863999999999997,-15072.508234958748,-16080.848399515953,0.12917642266117613,passive
Chilean Chile,BYB_Recording_2024-03-11_20.31.48,raw,0.29160968067679116,0.4847858886241243,0.5186440677966102,1.0,1.0,2.4863999999999997,44136.45289160879,42819.87125849837,0.19317620794733315,passive
Chilean Chile,BYB_Recording_2024-03-11_20.34.42,norm,0.8054647362708514,0.8769044521014002,0.3847457627118644,1.022897983618554,1.523245661646265,1.1508,-18664.979716726128,-20344.589611178835,0.07143971583054887,passive
Chilean Chile,BYB_Recording_2024-03-11_20.34.42,raw,0.6599573357974083,0.8752787879893448,0.3847457627118644,1.0,1.0,1.1508,40540.161630043855,36849.346795944875,0.21532145219193644,passive
Creeping Inchplant,BYB_Recording_2024-02-05_19.37.45,norm,0.2001610153440634,0.236883779468114,0.11694915254237288,0.29704284824038363,0.3796396294342798,3.8975999999999997,-26411.186713077626,-26658.546610429454,0.03672276412405062,passive
Creeping Inchplant,BYB_Recording_2024-02-05_19.37.45,raw,-2.9124534197845318,0.1153663691758241,1.3889830508474577,1.0,1.0,3.8975999999999997,51419.9192473919,46988.7861024472,3.0278197889603558,passive
Creeping Inchplant,BYB_Recording_2024-02-07_19.05.17,norm,0.1973717792223323,0.25212247864851156,1.255084745762712,0.19853735988246451,0.9757857368512158,1.6212,-16743.9362302545,-16981.933241066854,0.05475069942617927,passive
Creeping Inchplant,BYB_Recording_2024-02-07_19.05.17,raw,-6.031600464544199,0.24718200575220428,1.4559322033898305,1.0,1.0,1.6296,35261.43404629997,31867.189292153183,6.278782470296403,passive
Creeping Inchplant,BYB_Recording_2024-02-19_19.26.20,norm,0.10978356798937305,0.18762140183772658,0.18389830508474575,0.5604094136094255,1.0270234240232794,4.62,-18531.90394330163,-18927.5666949242,0.07783783384835352,passive
Creeping Inchplant,BYB_Recording_2024-02-19_19.26.20,raw,0.02538136785706857,0.02557417426055708,0.05,1.0,1.0,4.6116,58498.389002855176,58505.90829961675,0.0001928064034885102,active
Creeping Inchplant,BYB_Recording_2024-02-20_20.02.17,norm,0.5587839075283931,0.5587839075283931,0.0,0.5753550841180869,0.5753550841180869,0.0,-30022.51958832848,-30014.023006090967,0.0,active
Creeping Inchplant,BYB_Recording_2024-02-20_20.02.17,raw,-0.7583663329100456,0.18971328107523544,0.8533898305084746,1.0,1.0,0.0,34464.03332784401,30677.793252348558,0.9480796139852811,passive
Creeping Inchplant,BYB_Recording_2024-02-20_20.07.25,norm,0.045525756438676734,0.14962226974255866,0.7864406779661017,0.4189444228685833,2.4541967164744425,5.4852,-14171.26231675731,-14615.900595326773,0.10409651330388192,passive
Creeping Inchplant,BYB_Recording_2024-02-20_20.07.25,raw,0.04404786749317802,0.052513931159607674,0.11694915254237288,1.0,1.0,5.4852,36448.79076365975,36422.1765483629,0.008466063666429657,passive
Creeping Inchplant,BYB_Recording_2024-02-20_20.10.44,norm,0.21787510476146943,0.21787510476146943,0.0,0.37907763711263504,0.37907763711263504,0.0,-24817.50517332328,-24809.145335942638,0.0,active
Creeping Inchplant,BYB_Recording_2024-02-20_20.10.44,raw,-0.9876865688271668,0.004810403689933573,3.464406779661017,1.0,1.0,0.0,30073.153063488873,27126.17130310708,0.9924969725171003,passive
Creeping Inchplant,BYB_Recording_2024-02-26_20.12.11,norm,0.2642686866609977,0.2642686866609977,0.0,0.23116365413988654,0.23116365413988654,0.0,-28307.039381975144,-28298.554505385207,0.0,active
Creeping Inchplant,BYB_Recording_2024-02-26_20.12.11,raw,-10.654513579332312,0.03472761485398168,2.5940677966101693,1.0,1.0,0.0,39541.29693567973,36025.57249868309,10.689241194186293,passive
Creeping Inchplant,BYB_Recording_2024-02-28_18.46.50,norm,0.20616119264923738,0.2964852932444235,0.3177966101694915,0.811207399106646,1.520501909489834,3.654,-18608.422963419718,-19131.396280613557,0.09032410059518614,passive
Creeping Inchplant,BYB_Recording_2024-02-28_18.46.50,raw,0.13644238001482512,0.14021864336831236,0.05,1.0,1.0,3.654,46086.248160780095,46075.35866117508,0.0037762633534872414,passive
Creeping Inchplant,BYB_Recording_2024-02-28_18.55.01,norm,0.08669178526128296,0.17266305717769792,0.9203389830508475,0.13924805400040263,0.7711020295558594,2.3771999999999998,-19836.505311384077,-20171.50092287317,0.08597127191641496,passive
Creeping Inchplant,BYB_Recording_2024-02-28_18.55.01,raw,-146.8161458090856,0.04102692771143468,2.3262711864406778,1.0,1.0,2.3771999999999998,31302.446102614304,28761.012255101745,146.85717273679705,passive
Creeping Inchplant,BYB_Recording_2024-02-29_17.41.48,norm,0.145153175878603,0.20574100771601322,0.4516949152542373,0.44957875243635903,0.8709806378970014,0.7644,-12378.627272849773,-12638.453209313926,0.06058783183741023,passive
Creeping Inchplant,BYB_Recording_2024-02-29_17.41.48,raw,-28.25067121914448,0.1281928129364326,2.0584745762711862,1.0,1.0,0.7644,38928.18466528106,35910.81110204173,28.378864032080912,passive
Creeping Inchplant,BYB_Recording_2024-03-04_20.35.25,norm,0.4025592614622181,0.4025592614622181,0.0,0.4320689034853268,0.4320689034853268,0.0,-20790.312698080335,-20781.92493043636,0.0,active
Creeping Inchplant,BYB_Recording_2024-03-04_20.35.25,raw,-2.716960324003907,0.0826174078365014,1.790677966101695,1.0,1.0,0.0,38700.06792826014,35286.845838099114,2.7995777318404085,passive
Creeping Inchplant,BYB_Recording_2024-03-04_20.43.03,norm,0.2687177413560706,0.39208001995760655,0.652542372881356,0.41737350329729056,1.0850844848728372,0.0,-22453.665748905823,-23158.01296183961,0.12336227860153592,passive
Creeping Inchplant,BYB_Recording_2024-03-04_20.43.03,raw,-1.8419121170345423,0.3794830379256787,0.8533898305084746,1.0,1.0,0.0,42638.55294758986,38134.70147954199,2.221395154960221,passive
Creeping Inchplant,BYB_Recording_2024-03-04_20.50.21,norm,0.646817461328073,0.7114059131455293,0.3847457627118644,0.8194388279906754,1.039478192065451,0.7812,-11405.134062470004,-11955.43777308827,0.0645884518174562,passive
Creeping Inchplant,BYB_Recording_2024-03-04_20.50.21,raw,-7.446750697018549,0.36869690691738954,1.3889830508474577,1.0,1.0,0.7812,24438.882253024072,21260.975373330984,7.815447603935938,passive
Creeping Inchplant,BYB_Recording_2024-03-06_21.56.45,norm,0.37998857347689863,0.40091168212274697,0.18389830508474575,0.6371341294898332,0.7206341283640947,3.9312,-14920.349917928123,-15037.481896217121,0.020923108645848343,passive
Creeping Inchplant,BYB_Recording_2024-03-06_21.56.45,raw,-136.27080645925724,0.006125266588394962,3.5313559322033896,1.0,1.0,3.9312,33700.32536447726,31157.24160113854,136.27693172584563,passive
Creeping Inchplant,BYB_Recording_2024-03-06_21.59.50,norm,0.1483445306746125,0.23390080215241393,0.5855932203389831,0.1760264571084349,0.45156667961976454,0.6467999999999999,-20896.802573086923,-21277.45580240993,0.08555627147780143,passive
Creeping Inchplant,BYB_Recording_2024-03-06_21.59.50,raw,-21.690854793342503,0.09230377646922316,1.9915254237288136,1.0,1.0,0.6467999999999999,35190.914411549,32299.316975321013,21.783158569811725,passive
Hierbabuena,BYB_Recording_2024-02-22_17.09.43,norm,0.11130368566954518,0.41762483853225996,1.188135593220339,0.23087849918602626,2.4634430497430073,3.6288,-18750.202140134807,-20658.45825255432,0.3063211528627148,passive
Hierbabuena,BYB_Recording_2024-02-22_17.09.43,raw,-17.235805480123435,0.4099342048061215,1.3220338983050848,1.0,1.0,3.6288,47299.75478556211,41774.71118646365,17.645739684929556,passive
Hierbabuena,BYB_Recording_2024-02-22_17.13.41,norm,0.5403711493534362,0.6402247555219369,0.7864406779661017,0.7944971714612657,1.7826633107930066,5.0652,-18884.29038971602,-20035.86234286624,0.0998536061685007,passive
Hierbabuena,BYB_Recording_2024-02-22_17.13.41,raw,-41.69185836311091,0.37415336978711455,1.723728813559322,1.0,1.0,5.0652,48739.21574202742,43247.77613098872,42.066011732898026,passive
Hierbabuena,BYB_Recording_2024-02-22_17.17.23,norm,0.1528752258477779,0.6200550956627477,1.3889830508474577,0.6901708367439277,10.524581286124045,6.93,-11116.960273102237,-14146.021442998735,0.46717986981496984,passive
Hierbabuena,BYB_Recording_2024-02-22_17.17.23,raw,-21.11849009310928,0.6128950921803252,1.3220338983050848,1.0,1.0,6.93,37540.548148298556,31330.00314637477,21.731385185289604,passive
Hierbabuena,BYB_Recording_2024-02-26_19.52.38,norm,0.6322275254899747,0.7510206379987059,0.3177966101694915,0.8752514952291219,1.3713996562797233,2.7887999999999997,-21343.597340862125,-23075.795476453874,0.11879311250873115,passive
Hierbabuena,BYB_Recording_2024-02-26_19.52.38,raw,0.6237007180456628,0.7073748293065956,0.25084745762711863,1.0,1.0,2.7887999999999997,44086.063158185505,42972.307955882796,0.08367411126093272,passive
Hierbabuena,BYB_Recording_2024-02-26_19.59.40,norm,0.14421760491022484,0.1551732372607726,0.11694915254237288,0.4467973482620804,0.49532980903606866,1.05,-17302.05254001518,-17350.494392130186,0.01095563235054775,passive
Hierbabuena,BYB_Recording_2024-02-26_19.59.40,raw,0.11707566037386352,0.14528357792046387,0.4516949152542373,1.0,1.0,1.05,45975.013863332526,45840.18157556602,0.028207917546600347,passive
Hierbabuena,BYB_Recording_2024-03-01_17.55.10,norm,0.6821937701411951,0.7142065206962772,0.3177966101694915,0.6939783579661154,0.8714334283181249,3.444,-12731.623371103682,-13028.905234273718,0.032012750555082126,passive
Hierbabuena,BYB_Recording_2024-03-01_17.55.10,raw,-4.7374633177656085,0.36365475715303375,0.9872881355932204,1.0,1.0,3.444,34580.11206609309,31297.175258188377,5.101118074918642,passive
Hierbabuena,BYB_Recording_2024-03-01_18.01.51,norm,0.764425336321689,0.7879447446210615,0.18389830508474575,0.615683184470625,0.6711958251665862,4.704,-21709.14497507605,-22137.420314175004,0.02351940829937249,passive
Hierbabuena,BYB_Recording_2024-03-01_18.01.51,raw,-6.92881974396616,0.1585744289010571,1.3889830508474577,1.0,1.0,4.704,49015.21054651923,45431.66153970077,7.087394172867217,passive
Hierbabuena,BYB_Recording_2024-03-01_18.08.05,norm,0.9675545040277745,0.9683999710507138,0.05,0.9374677480354807,0.94362601886875,0.41159999999999997,-23470.92049548981,-23552.273998264463,0.0008454670229393058,passive
Hierbabuena,BYB_Recording_2024-03-01_18.08.05,raw,-8.758872587532395,0.38443692252399486,1.255084745762712,1.0,1.0,0.41159999999999997,37286.86446261898,33303.20856451927,9.143309510056389,passive
Hierbabuena,BYB_Recording_2024-03-04_20.20.54,norm,0.5872176846197852,0.5965363622193139,0.11694915254237288,0.5504809299972165,0.5743484119795016,4.1748,-12397.573708843345,-12458.744429052314,0.009318677599528757,passive
Hierbabuena,BYB_Recording_2024-03-04_20.20.54,raw,-66.51931078512871,0.01790924805259153,4.0,1.0,1.0,4.1748,33832.84012828141,31687.379042757435,66.5372200331813,passive
Hierbabuena,BYB_Recording_2024-03-08_21.04.08,norm,0.9701800625755518,0.9724937189299051,0.05,0.9884253389972503,0.9986434971149523,0.46199999999999997,-22780.560898539905,-23033.58596134545,0.0023136563543533217,passive
Hierbabuena,BYB_Recording_2024-03-08_21.04.08,raw,0.6666505724324119,0.6666505724324119,0.0,1.0,1.0,0.46199999999999997,39684.8477373994,39692.92890317713,0.0,active
Hierbabuena,BYB_Recording_2024-03-08_21.06.56,norm,0.9662556717214172,0.9662556717214172,0.0,0.8702261068402065,0.8702261068402065,0.19319999999999998,-20596.07215048058,-20588.06878742195,0.0,active
Hierbabuena,BYB_Recording_2024-03-08_21.06.56,raw,0.6708661476733885,0.7647070047060527,0.3847457627118644,1.0,1.0,0.19319999999999998,33683.02329191368,32687.148387954578,0.0938408570326642,passive
Hierbabuena,BYB_Recording_2024-03-08_21.12.27,norm,0.5201203097360751,0.7980331613027192,0.5186440677966102,1.00593693837686,2.364623457527625,2.1672,-9159.30308870502,-11277.862590637234,0.277912851566644,passive
Hierbabuena,BYB_Recording_2024-03-08_21.12.27,raw,-11.871285407637918,0.606370255935466,1.188135593220339,1.0,1.0,2.1672,30256.73729115631,26271.93961918421,12.477655663573385,passive
Hierbabuena,BYB_Recording_2024-03-08_21.18.08,norm,0.5173048634998336,0.6000622048387595,0.5855932203389831,0.7610012653881599,1.3664162862394882,0.9828,-18293.04194385261,-19106.552612202355,0.08275734133892587,passive
Hierbabuena,BYB_Recording_2024-03-08_21.18.08,raw,-2.5471044738318414,0.552547545663836,1.0542372881355933,1.0,1.0,0.9828,47904.997887210826,41372.224348206684,3.0996520194956774,passive
Hierbabuena,BYB_Recording_2024-03-08_21.22.04,norm,0.9645574757816722,0.9881580047477954,0.18389830508474575,1.0337422688802815,1.165134970198041,0.3276,-23171.029267194295,-26818.94485673322,0.02360052896612319,passive
Hierbabuena,BYB_Recording_2024-03-08_21.22.04,raw,0.6135149837955017,0.8872135531937348,0.3177966101694915,1.0,1.0,0.3276,39042.4035637893,34943.14006370752,0.2736985693982331,passive
Hierbabuena,BYB_Recording_2024-03-08_21.24.53,norm,0.982450096792415,0.9872643146616437,0.11694915254237288,1.1989096316326582,1.248785237830329,0.3192,-22505.743841590964,-23493.932500508912,0.004814217869228643,passive
Hierbabuena,BYB_Recording_2024-03-08_21.24.53,raw,-1.502118391545412,0.607285314229824,0.8533898305084746,1.0,1.0,0.3192,39762.328550795355,34714.289903108816,2.109403705775236,passive
Hierbabuena,BYB_Recording_2024-03-08_21.27.40,norm,0.7692828786962154,0.8033040777680178,0.25084745762711863,0.9686417447529467,1.103959627506917,0.8987999999999999,-18257.183178930536,-18846.248254021066,0.034021199071802455,passive
Hierbabuena,BYB_Recording_2024-03-08_21.27.40,raw,-1.3834959938100209,0.5730274592693749,0.9872881355932204,1.0,1.0,0.8987999999999999,45385.5554399642,39614.23558022884,1.9565234530793958,passive
Marijuana,BYB_Recording_2025-08-23_22.07.27-28.8mm,norm,0.8695422800399868,0.890384890273455,0.25084745762711863,0.867058216731153,0.9977189968855323,2.6795999999999998,-32954.84295897447,-33921.722205035134,0.02084261023346823,passive
Marijuana,BYB_Recording_2025-08-23_22.07.27-28.8mm,raw,0.8176828069998354,0.8176828069998354,0.0,1.0,1.0,2.6795999999999998,55616.59161339515,55625.222849302605,0.0,active
Marijuana,BYB_Recording_2025-08-23_22.55.19-22mm,norm,0.6352027121657247,0.6602263615471009,0.3177966101694915,0.7915505746622403,0.9950866364017263,1.6128,-8614.17591892314,-8767.547706591575,0.025023649381376245,passive
Marijuana,BYB_Recording_2025-08-23_22.55.19-22mm,raw,0.5925294147847964,0.592689064727729,0.05,1.0,1.0,1.6128,25882.523360934047,25889.3611724214,0.00015964994293260482,active
Marijuana,BYB_Recording_2025-08-23_23.19.28-21mm,norm,0.5738318569395302,0.6396485139897828,0.9203389830508475,0.9555489744966144,1.7114141960591238,4.8552,-10149.825357870039,-10701.340391800717,0.06581665705025264,passive
Marijuana,BYB_Recording_2025-08-23_23.19.28-21mm,raw,-0.20268916926669944,0.6337397755079103,1.0542372881355933,1.0,1.0,4.8552,31251.22338477327,27292.927901655294,0.8364289447746097,passive
Marijuana,BYB_Recording_2025-08-23_23.30.42-22mm,norm,0.5896592467465049,0.6512890147667707,0.652542372881356,0.9327138919428957,1.5746271991515057,2.7972,-15019.746558268176,-15673.642627453897,0.06162976802026576,passive
Marijuana,BYB_Recording_2025-08-23_23.30.42-22mm,raw,0.09212759235678125,0.6480423048012663,0.7194915254237289,1.0,1.0,2.7972,39256.9026736971,35409.45846169413,0.5559147124444851,passive
Marijuana,BYB_Recording_2025-08-23_23.44.45-26mm,norm,0.39928449265418287,0.46631719317463616,0.7194915254237289,0.7492223722246406,1.5048776326039601,2.9484,-27874.809528845944,-28715.230199758353,0.06703270052045329,passive
Marijuana,BYB_Recording_2025-08-23_23.44.45-26mm,raw,-2.201107879259383,0.4463561616910746,1.1211864406779661,1.0,1.0,2.9484,68707.03290917356,59500.215693074635,2.6474640409504575,passive
Marijuana,BYB_Recording_2025-09-13_01.03.00-23.11mm,norm,0.30769430006789433,0.34521723935751814,0.5186440677966102,0.4852835662253085,0.726271826636853,0.0084,-20717.88368363209,-21099.821300595482,0.0375229392896238,passive
Marijuana,BYB_Recording_2025-09-13_01.03.00-23.11mm,raw,0.30702854530925505,0.325128274821751,0.3177966101694915,1.0,1.0,0.0084,58196.51256308451,58019.760824053534,0.018099729512495943,passive
Marijuana,BYB_Recording_2025-09-13_01.21.52-16.78mm,norm,0.3357750634546025,0.3434884258265768,0.18389830508474575,0.48921195491525377,0.5201835672372018,6.1572,-10904.374799777417,-10933.204213830511,0.007713362371974286,passive
Marijuana,BYB_Recording_2025-09-13_01.21.52-16.78mm,raw,-0.9927371116539896,0.2934682882666927,1.3889830508474577,1.0,1.0,6.1572,27539.250779138903,24272.78989833847,1.2862053999206822,passive
Marijuana,BYB_Recording_2025-09-13_01.45.23-24.26mm,norm,0.7178929980628211,0.7254653614497448,0.11694915254237288,0.7272125074604815,0.7644083213142052,1.2516,-15230.679181521939,-15307.633220754547,0.007572363386923686,passive
Marijuana,BYB_Recording_2025-09-13_01.45.23-24.26mm,raw,0.6653865733809032,0.7065600427091835,0.18389830508474575,1.0,1.0,1.2516,32997.54448281707,32595.40118145154,0.041173469328280254,passive
Marijuana,BYB_Recording_2025-09-13_01.52.20-21.60mm,norm,0.15387514584887774,0.19980665295598743,0.3847457627118644,0.4620897101308212,0.6911331927276041,1.0668,-8725.94942276819,-8890.432850262516,0.04593150710710969,passive
Marijuana,BYB_Recording_2025-09-13_01.52.20-21.60mm,raw,0.13924473553991445,0.19666648406322706,0.3847457627118644,1.0,1.0,1.0668,32905.87946038356,32700.51228766114,0.05742174852331261,passive
Marijuana,BYB_Recording_2025-09-15_00.20.12-21.09mm,norm,0.47958252402733315,0.6710175835767955,0.7194915254237289,0.6561353303344456,1.565548419617988,1.7052,-7741.775452705195,-8756.345781017473,0.19143505954946238,passive
Marijuana,BYB_Recording_2025-09-15_00.20.12-21.09mm,raw,0.4336997118300657,0.5942180819687439,0.4516949152542373,1.0,1.0,1.7052,21546.059766114464,20810.824172941073,0.1605183701386782,passive
Marijuana,BYB_Recording_2025-09-15_00.27.51-21.09mm,norm,0.3532986856543038,0.6937152521745911,0.9203389830508475,0.7243826507123623,2.7111010740031456,4.0152,-8996.344426537877,-11324.573421129513,0.3404165665202873,passive
Marijuana,BYB_Recording_2025-09-15_00.27.51-21.09mm,raw,0.35250732355520487,0.4537293237222322,0.4516949152542373,1.0,1.0,4.0152,28344.790889782696,27821.440637667405,0.10122200016702732,passive
Marijuana,BYB_Recording_2025-09-15_00.38.35-16.49mm,norm,0.18218914597933644,0.20924584062583795,0.7194915254237289,0.46140037523305855,0.8831927017860834,0.0168,-9651.742541601541,-9771.680636551904,0.02705669464650151,passive
Marijuana,BYB_Recording_2025-09-15_00.38.35-16.49mm,raw,-1.3305582870827064,0.16584731651156348,1.188135593220339,1.0,1.0,0.0168,33358.016591193846,30036.37579126251,1.4964056035942699,passive
Marijuana,BYB_Recording_2025-09-15_00.47.20-16.06mm,norm,0.5906896418362906,0.5954935437552359,0.18389830508474575,0.4794220921641911,0.5114680812031291,5.5356,-18871.12809206098,-18906.109741813616,0.004803901918945308,passive
Marijuana,BYB_Recording_2025-09-15_00.47.20-16.06mm,raw,-15.481339776295165,0.0760717185782448,2.0584745762711862,1.0,1.0,5.5356,33009.22544435481,30194.303198779602,15.55741149487341,passive
Mint,BYB_Recording_2023-12-19_18.14.10,norm,0.061885905797176455,0.08721144690718519,2.527118644067796,0.17728347889888782,1.6991858406633855,2.268,-8621.162115985317,-8677.335978254263,0.02532554111000873,passive
Mint,BYB_Recording_2023-12-19_18.14.10,raw,-1.8925354789215163,0.07991774714850175,2.393220338983051,1.0,1.0,2.268,25899.912120116922,24095.07419667155,1.972453226070018,passive
Mint,BYB_Recording_2024-01-26_19.52.38,norm,0.3041908585656513,0.3266694238984933,0.18389830508474575,0.23856745209970742,0.2788653519608438,4.5276,-14965.266349072082,-15053.761828592535,0.022478565332841982,passive
Mint,BYB_Recording_2024-01-26_19.52.38,raw,-10.476514429324014,0.029038393636980686,2.6610169491525424,1.0,1.0,4.5276,31331.501703382026,29217.912121101166,10.505552822960995,passive
Mint,BYB_Recording_2024-01-26_20.00.04,norm,0.4043003203697104,0.4043003203697104,0.0,0.3712514378483553,0.3712514378483553,0.0,-23042.28694839185,-23033.972606048483,0.0,active
Mint,BYB_Recording_2024-01-26_20.00.04,raw,-2.3450681917383873,0.11576712374967424,1.723728813559322,1.0,1.0,0.0,43790.31696960826,40469.01791092415,2.460835315488062,passive
Mint,BYB_Recording_2024-01-26_20.08.19,norm,0.2347829252441761,0.2347829252441761,0.0,0.2777287379506107,0.2777287379506107,0.0,-15557.961337041384,-15549.926706008462,0.0,active
Mint,BYB_Recording_2024-01-26_20.08.19,raw,-4.14418153391164,0.031744888259671145,1.6567796610169492,1.0,1.0,0.0,32368.383535023997,30139.355976417213,4.175926422171311,passive
Mint,BYB_Recording_2024-02-09_22.29.45,norm,0.40326764863307485,0.40326764863307485,0.0,0.37901947181085643,0.37901947181085643,0.0,-34195.27874904767,-34186.763758279805,0.0,active
Mint,BYB_Recording_2024-02-09_22.29.45,raw,-1.5131303279172648,0.0007885791187856039,3.799152542372881,1.0,1.0,0.0,56549.51928008726,53098.482337612535,1.5139189070360504,passive
Mint,BYB_Recording_2024-02-12_19.02.16,norm,0.019988101485634457,0.020171378816273178,0.05,0.07585128785605029,0.07769807890525955,2.2344,-16316.557661269146,-16309.035189652703,0.00018327733063872031,active
Mint,BYB_Recording_2024-02-12_19.02.16,raw,0.015426306557703828,0.016220403523032667,0.05,1.0,1.0,2.2344,41004.53651983829,41009.77739205083,0.0007940969653288388,active
Mint,BYB_Recording_2024-02-12_20.19.02,norm,0.18336084365177452,0.2040303316426456,1.1211864406779661,0.5391480886615488,1.5266007562038943,0.0084,-14006.613986191283,-14129.178022122573,0.020669487990871094,passive
Mint,BYB_Recording_2024-02-12_20.19.02,raw,0.16791709170921976,0.1888238544685723,0.5855932203389831,1.0,1.0,0.0084,55808.04743735093,55686.45193637325,0.02090676275935255,passive
Mint,BYB_Recording_2024-02-20_19.07.45,norm,0.21390207934748284,0.21390207934748284,0.0,0.2459143445246206,0.2459143445246206,0.0,-21812.509173913426,-21804.290925986737,0.0,active
Mint,BYB_Recording_2024-02-20_19.07.45,raw,-6.881795221894218,0.005108223900954001,3.1966101694915254,1.0,1.0,0.0,40217.60337357747,37638.49650184691,6.886903445795172,passive
Mint,BYB_Recording_2024-02-20_19.11.24,norm,0.5985217965617049,0.5985217965617049,0.0,0.6406158915031374,0.6406158915031374,0.0,-28213.271269611338,-28204.929620992436,0.0,active
Mint,BYB_Recording_2024-02-20_19.11.24,raw,-2.5437437079709833,0.010352597021200616,2.5940677966101693,1.0,1.0,0.0,45201.282433979235,42260.314174307205,2.554096304992184,passive
Mint,BYB_Recording_2024-02-20_19.19.15,norm,0.625274558667662,0.6277412757731697,0.11694915254237288,0.5904325091984262,0.6060662810240285,0.8652,-18705.74337214393,-18724.776613703438,0.002466717105507721,passive
Mint,BYB_Recording_2024-02-20_19.19.15,raw,0.15877173901487351,0.5701500189453015,0.652542372881356,1.0,1.0,0.8652,45373.08551244975,42599.69356837386,0.41137827993042797,passive
Mint,BYB_Recording_2024-02-20_19.22.59,norm,0.6848135285332442,0.8302682348638968,0.7194915254237289,0.8836902988541281,1.755413668304084,2.2596,-16453.154556355224,-18997.978263477697,0.1454547063306526,passive
Mint,BYB_Recording_2024-02-20_19.22.59,raw,-5.186073969083651,0.7409921839809994,1.188135593220339,1.0,1.0,2.2596,38996.047555436984,30574.75298248203,5.927066153064651,passive
Mint,BYB_Recording_2024-02-20_19.26.22,norm,0.543158971065357,0.7532358680979764,0.8533898305084746,0.8701492859748718,2.7348672631796656,1.554,-15034.308146129055,-17504.399869572582,0.21007689703261934,passive
Mint,BYB_Recording_2024-02-20_19.26.22,raw,-10.887921523279946,0.6534210252724106,1.1211864406779661,1.0,1.0,1.554,41993.48501044041,34950.563561063784,11.541342548552358,passive
Mint,BYB_Recording_2024-02-20_19.32.55,norm,0.38341263091619127,0.6993675129617958,0.8533898305084746,0.8086259342619473,2.6385266151055755,3.2088,-15714.153698051714,-19284.267929636728,0.3159548820456045,passive
Mint,BYB_Recording_2024-02-20_19.32.55,raw,-48.69450772620242,0.3304172856989318,1.9245762711864407,1.0,1.0,3.2088,45490.45662151921,40049.91951246166,49.024925011901345,passive
Mint,BYB_Recording_2024-02-20_19.38.46,norm,0.07701330616989133,0.08518977416153661,0.3177966101694915,0.6241437404305954,0.9321235942578548,0.31079999999999997,-13431.836207599468,-13464.672600638214,0.008176467991645286,passive
Mint,BYB_Recording_2024-02-20_19.38.46,raw,-66.48801833292809,0.05192309330360545,2.0584745762711862,1.0,1.0,0.31079999999999997,44644.569762701365,41192.47244759136,66.53994142623169,passive
Ornamental Chile,BYB_Recording_2024-02-07_19.42.39,norm,0.47050297278195374,0.6101797605483349,0.8533898305084746,0.4746488353926509,1.313909303055674,1.9824,-19745.7111075178,-20969.422256016023,0.13967678776638115,passive
Ornamental Chile,BYB_Recording_2024-02-07_19.42.39,raw,-39.07565518256932,0.36714871819418815,1.723728813559322,1.0,1.0,1.9824,34586.28307459227,29967.461492225124,39.44280390076351,passive
Ornamental Chile,BYB_Recording_2024-02-07_19.48.46,norm,0.30495097490621437,0.5429803137348767,1.3220338983050848,0.5875139594986386,2.703990722298932,4.3008,-19763.62635090483,-21405.95871651727,0.23802933882866228,passive
Ornamental Chile,BYB_Recording_2024-02-07_19.48.46,raw,-1.949967982478353,0.5404019196759831,1.188135593220339,1.0,1.0,4.3008,33914.73605177102,28135.42751237973,2.490369902154336,passive
Ornamental Chile,BYB_Recording_2024-02-12_19.32.29,norm,0.39044726797129414,0.5971329299263302,1.0542372881355933,0.7304815428341714,2.6114397900373936,5.6448,-12473.788581139463,-14084.307954750524,0.20668566195503602,passive
Ornamental Chile,BYB_Recording_2024-02-12_19.32.29,raw,-0.6754702668478176,0.5889686972600436,0.8533898305084746,1.0,1.0,5.6448,36580.2062056534,31095.629454349742,1.2644389641078613,passive
Ornamental Chile,BYB_Recording_2024-02-19_18.55.40,norm,0.23520994269711737,0.5973326391462825,1.3220338983050848,0.33854340341119554,2.9834391035089536,2.52,-15731.956635740258,-18065.83586815174,0.36212269644916517,passive
Ornamental Chile,BYB_Recording_2024-02-19_18.55.40,raw,-21.927236851786365,0.5894495623117172,1.3889830508474577,1.0,1.0,2.52,33379.36174199067,27608.383658337803,22.516686414098082,passive
Ornamental Chile,BYB_Recording_2024-02-19_18.58.46,norm,0.06948265343980331,0.1201631296818848,1.188135593220339,0.16755605177170194,0.7201742092201944,4.074,-20405.55799543912,-20661.88460707015,0.050680476242081496,passive
Ornamental Chile,BYB_Recording_2024-02-19_18.58.46,raw,-532.5338662420314,-0.046655979912128664,4.0,1.0,1.0,4.074,36886.6257833067,33835.84998514832,532.4872102621193,passive
Ornamental Chile,BYB_Recording_2024-02-19_19.03.24,norm,0.5196077454745633,0.8633484391635753,0.7864406779661017,1.0930179206765498,3.815759042681041,1.3439999999999999,-11693.01775152729,-16015.81901182379,0.34374069368901194,passive
Ornamental Chile,BYB_Recording_2024-02-19_19.03.24,raw,-5.614066882784175,0.8381785333736519,0.8533898305084746,1.0,1.0,1.3439999999999999,35460.398858510314,26808.12818731183,6.452245416157827,passive
Ornamental Chile,BYB_Recording_2024-02-19_19.07.47,norm,0.34512105073913313,0.45305309752945533,1.0542372881355933,0.6546173290762618,2.845255643163632,3.066,-15730.9200051947,-16526.65659134135,0.1079320467903222,passive
Ornamental Chile,BYB_Recording_2024-02-19_19.07.47,raw,-10.398223970208177,0.44912748102681466,1.255084745762712,1.0,1.0,3.066,40286.97019761448,34540.440566002726,10.847351451234992,passive
Ornamental Chile,BYB_Recording_2024-02-19_19.10.37,norm,0.339352838414094,0.6770101197359937,0.9203389830508475,0.8889136740740533,3.344755432217767,6.7452,-11746.406005824767,-14600.507596884769,0.33765728132189965,passive
Ornamental Chile,BYB_Recording_2024-02-19_19.10.37,raw,-1192.593702382994,0.05537355186392512,4.0,1.0,1.0,6.7452,32310.87569126551,29320.71862837273,1192.649075934858,passive
Ornamental Chile,BYB_Recording_2024-02-19_19.17.58,norm,0.41000859458278593,0.5583620991642548,0.652542372881356,1.10315219486684,2.6723688154730896,4.2672,-10005.870602395384,-10959.58280431706,0.1483535045814689,passive
Ornamental Chile,BYB_Recording_2024-02-19_19.17.58,raw,-106.66437690023294,0.23403680579224873,2.2593220338983047,1.0,1.0,4.2672,30530.768007146933,27353.146285518556,106.89841370602518,passive
Ornamental Chile,BYB_Recording_2024-02-22_17.57.13,norm,0.8771614369232892,0.9610857285210669,0.5186440677966102,1.086111965453439,1.5001852453577087,4.2924,-22348.92081514458,-27383.43451478424,0.0839242915977777,passive
Ornamental Chile,BYB_Recording_2024-02-22_17.57.13,raw,-1.2077315960352082,0.841357949491853,0.9872881355932204,1.0,1.0,4.3008,44638.38062057808,33531.19732725284,2.0490895455270612,passive
Ornamental Chile,BYB_Recording_2024-02-22_18.00.13,norm,0.565455981398161,0.9218091334840378,1.255084745762712,0.9074735536282,5.067950005310592,3.36,-12853.435132367598,-18956.316285475707,0.3563531520858768,passive
Ornamental Chile,BYB_Recording_2024-02-22_18.00.13,raw,-41.85132541300133,0.8607243471221877,1.5228813559322034,1.0,1.0,3.36,33033.346629178806,23549.880932330583,42.71204976012351,passive
Ornamental Chile,BYB_Recording_2024-02-23_19.53.15,norm,0.2669081762614359,0.5011553531170996,1.6567796610169492,0.3764638187303341,5.456815863804764,2.1084,-16552.877305191447,-18202.986747301304,0.23424717685566365,passive
Ornamental Chile,BYB_Recording_2024-02-23_19.53.15,raw,-1.7951357550073892,0.39862255307736005,1.1211864406779661,1.0,1.0,2.1084,40072.09298297804,34905.779643371985,2.193758308084749,passive
Ornamental Chile,BYB_Recording_2024-02-23_19.55.48,norm,0.3565990974305928,0.3565990974305928,0.0,0.5895796674849556,0.5895796674849556,0.0084,-18739.618640223955,-18731.27033916902,0.0,active
Ornamental Chile,BYB_Recording_2024-02-23_19.55.48,raw,-52.125971895206284,0.02821675811979596,2.861864406779661,1.0,1.0,0.0084,33460.69820031235,30423.125161778305,52.15418865332608,passive
Ornamental Chile,BYB_Recording_2024-02-23_19.59.02,norm,0.7583769569649796,0.7590199556732269,0.05,0.7507303704264934,0.7556177377166158,1.6884,-21071.901834040327,-21074.40437105102,0.0006429987082472444,passive
Ornamental Chile,BYB_Recording_2024-02-23_19.59.02,raw,-33.25881380939172,0.15929969586289805,1.8576271186440678,1.0,1.0,1.6884,42075.31178820394,38569.58008450452,33.41811350525462,passive
Ornamental Chile,BYB_Recording_2024-02-23_20.04.22,norm,0.18434537276372265,0.2351936102124046,0.5855932203389831,0.4452362463385464,0.7967456004331107,0.6132,-15966.37578512954,-16230.04720078123,0.05084823744868194,passive
Ornamental Chile,BYB_Recording_2024-02-23_20.04.22,raw,-102.12136659062637,0.06319499275732177,2.928813559322034,1.0,1.0,0.6132,28771.532953981827,25576.881714411615,102.18456158338368,passive
Rosemary,BYB_Recording_2024-02-15_21.13.19,norm,0.18009896219610322,0.18137763708402765,0.3847457627118644,0.2402914539516471,0.310345873754952,0.0,-18511.036885499878,-18508.55179427624,0.0012786748879244358,active
Rosemary,BYB_Recording_2024-02-15_21.13.19,raw,-2.4939018598797595,0.12528407870291647,1.5228813559322034,1.0,1.0,0.0,36947.28234987203,33925.528613559894,2.619185938582676,passive
Rosemary,BYB_Recording_2024-02-15_21.20.04,norm,0.049360948389664316,0.09278623857343204,1.5898305084745763,0.09563226146979187,0.6064028649749209,3.8724,-18607.865939475425,-18773.159669345798,0.04342529018376773,passive
Rosemary,BYB_Recording_2024-02-15_21.20.04,raw,-15.798198343717633,0.059890923257246986,2.2593220338983047,1.0,1.0,3.8724,33859.88886592765,31068.505672435804,15.858089266974881,passive
Rosemary,BYB_Recording_2024-02-15_21.27.05,norm,0.06786607741028294,0.08239503821345329,1.723728813559322,0.0976577173679545,0.7092865455953876,0.0,-19401.55599320627,-19452.036449610223,0.014528960803170343,passive
Rosemary,BYB_Recording_2024-02-15_21.27.05,raw,-16.054069681076435,0.059746470821129494,2.3262711864406778,1.0,1.0,-5.46,30852.719365725337,28042.302751431867,16.113816151897563,passive
Rosemary,BYB_Recording_2024-02-19_19.56.50,norm,0.26936615118775986,0.5923561256785037,0.7864406779661017,0.5472539216779092,1.8471268368685336,4.4016,-15791.38005811626,-17599.246631814338,0.32298997449074385,passive
Rosemary,BYB_Recording_2024-02-19_19.56.50,raw,-0.39204754027738375,0.5742431025219468,0.652542372881356,1.0,1.0,4.4016,34831.50180072441,31152.87520679384,0.9662906427993305,passive
Rosemary,BYB_Recording_2024-02-23_19.35.51,norm,0.7864292195588641,0.7955725111588721,0.11694915254237288,0.8862810128881443,0.9147404478738969,0.8064,-22141.683345945763,-22329.951202696797,0.00914329160000793,passive
Rosemary,BYB_Recording_2024-02-23_19.35.51,raw,-0.2733666303991251,0.5083871559990538,0.7864406779661017,1.0,1.0,0.8064,35939.15795658735,31669.551057571505,0.7817537863981789,passive
Rosemary,BYB_Recording_2024-02-26_18.50.08,norm,0.43644112511367117,0.43644112511367117,0.0,0.9839560060170763,0.9839560060170763,0.0084,-13426.456005487751,-13418.08847307089,0.0,active
Rosemary,BYB_Recording_2024-02-26_18.50.08,raw,-1.4951644277122056,0.17207138211181405,1.0542372881355933,1.0,1.0,0.0084,42115.95175276498,38329.56771353214,1.6672358098240196,passive
Rosemary,BYB_Recording_2024-02-26_19.06.39,norm,0.5402261143105676,0.5402261143105676,0.0,0.9871523992989922,0.9871523992989922,0.0,-21769.505598711985,-21761.13736967371,0.0,active
Rosemary,BYB_Recording_2024-02-26_19.06.39,raw,0.019606219876001196,0.24413480948907684,0.652542372881356,1.0,1.0,0.0,35925.60941339736,34813.50446608512,0.22452858961307565,passive
Rosemary,BYB_Recording_2024-02-26_19.10.25,norm,0.5698807975959357,0.6182011203252878,0.5855932203389831,0.34708806655391256,0.535600677202657,2.4528,-24382.239343713194,-24888.3190459235,0.04832032272935216,passive
Rosemary,BYB_Recording_2024-02-26_19.10.25,raw,-4.358722438919304,0.46614716566975567,1.255084745762712,1.0,1.0,2.4528,46814.632203373854,41123.34458719368,4.824869604589059,passive
Rosemary,BYB_Recording_2024-02-29_17.20.55,norm,0.9161643527552161,0.9432060493851404,0.3177966101694915,0.8946712722303336,1.059026858605677,0.8231999999999999,-22091.44953894193,-23570.429179363222,0.027041696629924283,passive
Rosemary,BYB_Recording_2024-02-29_17.20.55,raw,-1.2445907326530778,0.6951624287333036,0.8533898305084746,1.0,1.0,0.8231999999999999,48182.65715294454,41008.804693724946,1.9397531613863814,passive
Ruda,BYB_Recording_2024-01-17_20.14.33,norm,0.8082462654108126,0.8379478652981674,0.18389830508474575,1.0050909771244838,1.145023658846847,0.5124,-15917.433982338105,-16452.774779314812,0.02970159988735488,passive
Ruda,BYB_Recording_2024-01-17_20.14.33,raw,-0.36998352091172393,0.5589672878107905,0.7864406779661017,1.0,1.0,0.5124,42197.49756888829,38545.716074680284,0.9289508087225145,passive
Ruda,BYB_Recording_2024-02-05_19.17.48,norm,0.1762678324467356,0.21726395176116597,0.25084745762711863,0.4475787054230618,0.6875034625355504,1.4868,-13636.011905398085,-13802.921994306693,0.04099611931443037,passive
Ruda,BYB_Recording_2024-02-05_19.17.48,raw,-2.3752986750076244,0.11095886464082061,1.188135593220339,1.0,1.0,1.4868,44287.69539258585,41517.45789339973,2.486257539648445,passive
Ruda,BYB_Recording_2024-02-20_19.48.40,norm,0.0806264945878098,0.14433420417761023,1.6567796610169492,0.25881230581039927,2.7474961720757816,2.6795999999999998,-11018.495359610553,-11268.04512065563,0.06370770958980043,passive
Ruda,BYB_Recording_2024-02-20_19.48.40,raw,-3.5726957804325084,0.14136745712513332,1.5228813559322034,1.0,1.0,2.6879999999999997,36579.722778951014,33554.98348406218,3.7140632375576415,passive
Ruda,BYB_Recording_2024-02-20_19.51.32,norm,0.5295647599114093,0.7683128407063542,0.9872881355932204,0.599166702350189,1.9082779275917845,1.8479999999999999,-22132.619840229676,-25472.15249551815,0.23874808079494492,passive
Ruda,BYB_Recording_2024-02-20_19.51.32,raw,-11.327686260506487,0.7067922718594629,1.3889830508474577,1.0,1.0,1.8479999999999999,46204.28826697423,37139.17351329065,12.03447853236595,passive
Ruda,BYB_Recording_2024-02-20_19.54.12,norm,0.4500211617945229,0.4881514764943401,0.5855932203389831,0.438194522881043,0.6130550793617966,1.1088,-16537.942776908858,-16817.05301829975,0.0381303146998172,passive
Ruda,BYB_Recording_2024-02-20_19.54.12,raw,-9.154608072967688,0.35704002127380496,1.790677966101695,1.0,1.0,1.1088,37029.83028822623,32500.84492313342,9.511648094241494,passive
Ruda,BYB_Recording_2024-02-20_19.57.31,norm,0.5253062087992437,0.6676968710999127,0.4516949152542373,1.135515646481962,2.138711028044095,0.8904,-15834.306506446566,-17280.65548473636,0.142390662300669,passive
Ruda,BYB_Recording_2024-02-20_19.57.31,raw,0.42518404823818945,0.6499992973074071,0.3177966101694915,1.0,1.0,0.8904,42186.58216989223,40171.24373832565,0.22481524906921768,passive
Ruda,BYB_Recording_2024-02-22_18.37.41,norm,0.19294153201609043,0.3803828323797318,1.1211864406779661,0.16930853874536617,0.7978116113398752,3.5196,-15687.241786890525,-16471.590400412017,0.18744130036364137,passive
Ruda,BYB_Recording_2024-02-22_18.37.41,raw,-34.217634923026885,0.2365563892753999,1.8576271186440678,1.0,1.0,3.5196,28024.54470701012,25146.78632725675,34.454191312302285,passive
Ruda,BYB_Recording_2024-02-22_18.44.37,norm,0.042874812216355807,0.08255308272716522,1.3220338983050848,0.06735390517744623,0.4205352117318633,2.2176,-15732.406440277304,-15841.214469498549,0.03967827051080941,passive
Ruda,BYB_Recording_2024-02-22_18.44.37,raw,-79.26029320032696,0.03976580928239004,2.6610169491525424,1.0,1.0,2.2176,26243.886441746396,24230.306653645854,79.30005900960934,passive
Ruda,BYB_Recording_2024-02-23_20.25.25,norm,0.6069018955180792,0.6608272366041409,0.4516949152542373,0.4364988342380695,0.5956708998147618,0.6888,-17417.386406529084,-17908.714714806425,0.05392534108606173,passive
Ruda,BYB_Recording_2024-02-23_20.25.25,raw,-10.933460307519345,0.2804063909244694,1.5228813559322034,1.0,1.0,0.6888,30056.925244503796,26606.544662877423,11.213866698443814,passive
Ruda,BYB_Recording_2024-02-29_16.58.27,norm,0.6308973994480125,0.6354275263556929,0.11694915254237288,0.749388320505366,0.856869179944693,0.0252,-15812.769497335872,-15847.759126975787,0.0045301269076803985,passive
Ruda,BYB_Recording_2024-02-29_16.58.27,raw,-0.31296975750973477,0.5794176920534995,0.5186440677966102,1.0,1.0,0.0252,37578.46613715095,33609.03213117811,0.8923874495632342,passive
Ruda,BYB_Recording_2024-03-04_19.50.01,norm,0.7925966644426495,0.8041879057613917,0.18389830508474575,0.832932397517551,0.9015862010288557,0.48719999999999997,-21324.659852565226,-21567.13727135827,0.011591241318742118,passive
Ruda,BYB_Recording_2024-03-04_19.50.01,raw,-5.42679932044896,0.2601745251240264,1.4559322033898305,1.0,1.0,0.48719999999999997,44886.71529415206,40559.320233019695,5.686973845572986,passive
Ruda,BYB_Recording_2024-03-04_20.01.12,norm,0.18645825353419399,0.2916746169110327,2.1254237288135593,0.514265416854393,10.712446398630696,4.0908,-15017.184066442951,-15550.008324476163,0.1052163633768387,passive
Ruda,BYB_Recording_2024-03-04_20.01.12,raw,-1101.0935670887557,0.24820869787402422,3.397457627118644,1.0,1.0,4.0908,30115.0787110089,26302.523697033477,1101.3417757866298,passive
Ruda,BYB_Recording_2024-03-06_21.31.33,norm,0.9355491736487636,0.9595529865455288,0.25084745762711863,1.0304173689207858,1.1926507483994762,0.6467999999999999,-25321.131742871203,-27289.6337571154,0.02400381289676523,passive
Ruda,BYB_Recording_2024-03-06_21.31.33,raw,-1.1434696540853935,0.7008971898751428,0.7864406779661017,1.0,1.0,0.6467999999999999,49377.91084045406,41326.19753314488,1.8443668439605363,passive
Ruda,BYB_Recording_2024-03-06_21.44.52,norm,0.6660161031416983,0.8363456633286546,0.3847457627118644,0.5702483716436771,0.9098989619299015,0.7056,-16848.164325873797,-19248.263155393095,0.17032956018695622,passive
Ruda,BYB_Recording_2024-03-06_21.44.52,raw,0.30329230018069075,0.8332067250064344,0.4516949152542373,1.0,1.0,0.7056,30908.968499922863,26090.726945089173,0.5299144248257437,passive
Sensitive Mimosa,BYB_Recording_2021-07-26_12.46.45,norm,0.32044013711209507,0.37082804191081353,0.3847457627118644,0.22163423751561234,0.3259127864205144,0.504,-5686.915974720562,-5775.6285499941705,0.050387904798718464,passive
Sensitive Mimosa,BYB_Recording_2021-07-26_12.46.45,raw,-14.014892905338861,0.14735639034701153,1.6567796610169492,1.0,1.0,0.504,15851.81685586691,14798.97945416112,14.162249295685873,passive
Sensitive Mimosa,BYB_Recording_2024-06-27_17.07.10,norm,0.8785803491020341,0.9079232897051059,0.18389830508474575,0.9779630312068107,1.1806228727190113,1.0164,-23134.877800913473,-24218.18207500726,0.029342940603071854,passive
Sensitive Mimosa,BYB_Recording_2024-06-27_17.07.10,raw,0.7960636559817592,0.9017881038180001,0.18389830508474575,1.0,1.0,1.0164,44865.03668103004,41990.05166625019,0.10572444783624091,passive
Sensitive Mimosa,BYB_Recording_2024-06-27_17.25.17,norm,0.8313546826780212,0.8470556858611109,0.18389830508474575,0.8877956717785412,1.0060908134610926,1.2768,-14209.926488777168,-14479.997666496629,0.015701003183089757,passive
Sensitive Mimosa,BYB_Recording_2024-06-27_17.25.17,raw,-12.21265250748271,0.4489473983169766,1.0542372881355933,1.0,1.0,1.2768,32573.313520733525,28915.279316844597,12.661599905799687,passive
Sensitive Mimosa,BYB_Recording_2024-06-27_17.42.19,norm,0.7939103478522895,0.8553484290593529,0.25084745762711863,0.7973779811739046,1.0459289826301088,1.47,-30604.703985099106,-32496.298596185236,0.0614380812070634,passive
Sensitive Mimosa,BYB_Recording_2024-06-27_17.42.19,raw,-1.8473536667738881,0.6426473488581158,0.652542372881356,1.0,1.0,1.47,57291.080097719336,48057.69424487583,2.490001015632004,passive
Sensitive Mimosa,BYB_Recording_2024-06-27_18.31.29,norm,0.6399501725252685,0.6417140028614984,0.05,0.8910361209958895,0.9075590527893024,1.302,-10215.05941596742,-10219.467492498658,0.0017638303362298435,passive
Sensitive Mimosa,BYB_Recording_2024-06-27_18.31.29,raw,-12.61054093238536,0.06248831345851813,1.723728813559322,1.0,1.0,1.302,27951.39775298069,26073.856744357832,12.673029245843878,passive
Sensitive Mimosa,BYB_Recording_2024-06-27_18.48.14,norm,0.504941403423494,0.5243384645008352,0.11694915254237288,0.963802015661202,1.1114710572338373,0.0252,-14361.598752384692,-14492.934968141639,0.019397061077341182,passive
Sensitive Mimosa,BYB_Recording_2024-06-27_18.48.14,raw,-167.70048589926654,0.0028533550205187552,3.866101694915254,1.0,1.0,0.0252,25793.02601746516,23373.87300746382,167.70333925428704,passive
Sensitive Mimosa,BYB_Recording_2024-06-27_19.01.26,norm,0.7258546243288242,0.7270988981921513,0.05,0.96902121299127,0.9854536826191266,0.9995999999999999,-12477.49954394652,-12482.16548584205,0.00124427386332715,passive
Sensitive Mimosa,BYB_Recording_2024-06-27_19.01.26,raw,0.3580954846030665,0.3580954846030665,0.0,1.0,1.0,0.9995999999999999,35177.554394418155,35185.48027473489,0.0,active
Sensitive Mimosa,BYB_Recording_2024-06-27_19.15.52,norm,0.7960453207484862,0.9029875068855377,0.18389830508474575,1.014582897345629,1.370169925068262,0.6636,-16554.509494126673,-18742.25475852255,0.10694218613705153,passive
Sensitive Mimosa,BYB_Recording_2024-06-27_19.15.52,raw,0.31449793942857507,0.31449793942857507,0.0,1.0,1.0,0.6636,35577.03909830975,35585.03035223959,0.0,active
Sensitive Mimosa,BYB_Recording_2024-06-27_19.57.29,norm,0.9441607737373966,0.9441607737373966,0.0,1.040654376799856,1.040654376799856,0.4452,-14076.942854229901,-14069.21575974512,0.0,active
Sensitive Mimosa,BYB_Recording_2024-06-27_19.57.29,raw,0.34414155849446426,0.34414155849446426,0.0,1.0,1.0,0.4452,28823.85951982534,28831.58661431012,0.0,active
Sensitive Mimosa,BYB_Recording_2024-07-08_16.06.58,norm,0.8372124037865378,0.8873464062615969,0.3177966101694915,1.1657531213975993,1.713377958743024,0.0084,-19721.786335193476,-21104.70744814685,0.05013400247505906,passive
Sensitive Mimosa,BYB_Recording_2024-07-08_16.06.58,raw,0.834511569974455,0.8606424501200551,0.18389830508474575,1.0,1.0,0.0084,39293.459453302356,38652.24395790875,0.026130880145600166,passive
Sensitive Mimosa,BYB_Recording_2024-07-08_17.02.56,norm,0.889999017606403,0.9084474761218635,0.25084745762711863,1.074629631614112,1.2743412142941826,1.9656,-21823.374053765056,-22537.28642580688,0.01844845851546051,passive
Sensitive Mimosa,BYB_Recording_2024-07-08_17.02.56,raw,0.8333834046740756,0.8333834046740756,0.0,1.0,1.0,1.9656,50489.2218805345,50497.499292533445,0.0,active
Sensitive Mimosa,BYB_Recording_2024-07-08_17.19.08,norm,0.9510238087380333,0.9800602454835181,0.11694915254237288,1.0335746521195648,1.1209607558599635,0.08399999999999999,-18043.81805294587,-20614.892039403545,0.02903643674548484,passive
Sensitive Mimosa,BYB_Recording_2024-07-08_17.19.08,raw,0.7499646255062167,0.7499646255062167,0.0,1.0,1.0,0.08399999999999999,30549.51130143724,30557.473368745996,0.0,active
Sensitive Mimosa,BYB_Recording_2024-07-10_12.31.11,norm,0.43047799081726634,0.4320131163364307,0.05,0.6668882121877503,0.6817175703279469,0.025034574904479502,-29183.862731166802,-29193.734114591836,0.0015351255191643487,passive
Sensitive Mimosa,BYB_Recording_2024-07-10_12.31.11,raw,0.4304778679152357,0.4317987497228043,0.05,1.0,1.0,0.025034574904479502,44712.90463908324,44705.64825929406,0.001320881807568619,passive
Sensitive Mimosa,BYB_Recording_2024-07-10_12.56.35,norm,0.24296176667933156,0.24501210222631542,0.11694915254237288,0.34998128483097657,0.3691262089869257,0.11682801622090434,-13383.024924312023,-13383.986298636555,0.0020503355469838613,passive
Sensitive Mimosa,BYB_Recording_2024-07-10_12.56.35,raw,-3.797331764339928,0.0064217410724460855,3.1296610169491523,1.0,1.0,0.11682801622090434,34099.24599213063,31767.50923969418,3.803753505412374,passive
Sensitive Mimosa,BYB_Recording_2024-07-11_11.28.52,norm,0.8606988758204401,0.8606988758204401,0.0,0.8461551260223191,0.8461551260223191,1.7607651016150583,-20271.819801776834,-20263.667891903893,0.0,active
Sensitive Mimosa,BYB_Recording_2024-07-11_11.28.52,raw,0.8413286772519097,0.8413286772519097,0.0,1.0,1.0,1.7607651016150583,24717.549809827113,24725.701719700053,0.0,active
Sensitive Mimosa,BYB_Recording_2024-07-11_11.50.12,norm,0.7906012053794625,0.7906012053794625,0.0,0.8033938985303618,0.8033938985303618,0.8511755467523031,-16498.896618557334,-16490.854240552162,0.0,active
Sensitive Mimosa,BYB_Recording_2024-07-11_11.50.12,raw,0.7625127621850063,0.7625127621850063,0.0,1.0,1.0,0.8511755467523031,25641.173111923796,25649.21548992897,0.0,active
Sensitive Mimosa,BYB_Recording_2024-07-11_12.37.51,norm,0.8285143727421483,0.8301650587462794,0.05,0.9427655826690293,0.9602406096816385,0.9763484212747006,-10991.551189261258,-11004.259574045995,0.0016506860041310967,passive
Sensitive Mimosa,BYB_Recording_2024-07-11_12.37.51,raw,0.8216590333878508,0.8259674006414193,0.05,1.0,1.0,0.9763484212747006,16924.57849330211,16880.75357538628,0.004308367253568424,passive
Sensitive Mimosa,BYB_Recording_2024-07-11_13.14.26,norm,0.24936911234244274,0.2727970159585188,0.25084745762711863,0.547039985548068,0.7481919922094301,1.7106959518060993,-27855.299292217496,-28058.43070012337,0.02342790361607605,passive
Sensitive Mimosa,BYB_Recording_2024-07-11_13.14.26,raw,0.044197527299368544,0.24342732664372302,0.3177966101694915,1.0,1.0,1.7106959518060993,55430.909404665115,53877.31396790307,0.19922979934435447,passive
Tomato,BYB_Recording_2024-02-03_21.26.23,norm,0.7172165407125847,0.7858590387755358,0.25084745762711863,0.8260115675363332,1.057502408316956,0.21,-12480.902746002163,-13243.166188649977,0.06864249806295109,passive
Tomato,BYB_Recording_2024-02-03_21.26.23,raw,0.03017597591035992,0.7249931918852011,0.4516949152542373,1.0,1.0,0.21,31705.975682966353,28222.81925822445,0.6948172159748411,passive
Tomato,BYB_Recording_2024-02-03_21.30.34,norm,0.3930643885686008,0.3930643885686008,0.0,0.3958774189683751,0.3958774189683751,0.0084,-15407.57999197655,-15399.645478512668,0.0,active
Tomato,BYB_Recording_2024-02-03_21.30.34,raw,-5.168642749581878,0.10159784737751787,1.5228813559322034,1.0,1.0,0.0084,32301.83167731869,30076.767769016187,5.270240596959395,passive
Tomato,BYB_Recording_2024-02-06_19.19.43,norm,0.4039841271784972,0.4046965506517767,0.05,0.8348046245791567,0.8406807827460923,1.1927999999999999,-11498.27500192052,-11494.396593253132,0.0007124234732794887,active
Tomato,BYB_Recording_2024-02-06_19.19.43,raw,0.3425370753373449,0.34980413698428103,0.18389830508474575,1.0,1.0,1.1927999999999999,38782.45506744125,38750.57654680587,0.007267061646936135,passive
Tomato,BYB_Recording_2024-02-06_20.01.08,norm,0.4001697360908849,0.4001697360908849,0.0,0.5411208926109582,0.5411208926109582,0.8231999999999999,-7643.840988212885,-7636.266943207514,0.0,active
Tomato,BYB_Recording_2024-02-06_20.01.08,raw,-20.634264909615915,0.14355576577307727,1.4559322033898305,1.0,1.0,0.8231999999999999,21820.79815492965,20178.069440193765,20.77782067538899,passive
Tomato,BYB_Recording_2024-02-12_20.26.05,norm,0.3388928578269589,0.6823264680375183,1.0542372881355933,0.5555517763351162,3.2999233461652935,4.9559999999999995,-16983.947221634084,-19949.713259664266,0.3434336102105594,passive
Tomato,BYB_Recording_2024-02-12_20.26.05,raw,-3.892491400329873,0.6767482315743667,0.9203389830508475,1.0,1.0,4.9559999999999995,43943.2101052477,36557.960857311424,4.56923963190424,passive
Tomato,BYB_Recording_2024-02-19_18.44.04,norm,0.41907609478314956,0.4904168514560058,0.3847457627118644,0.6397861814046922,0.8967115636188216,1.0836,-20314.237389633417,-20967.656943061862,0.07134075667285622,passive
Tomato,BYB_Recording_2024-02-19_18.44.04,raw,0.3800892214992627,0.39049020415116786,0.11694915254237288,1.0,1.0,1.0836,53349.08987271917,53272.13483752836,0.010400982651905144,passive
Tomato,BYB_Recording_2024-06-26_23.32.41,norm,0.70963492330288,0.8314451344650173,0.5855932203389831,0.9243694662763132,1.9186732513409601,2.268,-6858.621120267116,-7790.987079975713,0.1218102111621373,passive
Tomato,BYB_Recording_2024-06-26_23.32.41,raw,-17.48810835764242,0.46661565380475434,1.255084745762712,1.0,1.0,2.268,20846.87624313932,18571.36636143984,17.954724011447176,passive
Tomato,BYB_Recording_2024-06-26_23.54.25,norm,0.09842391576911147,0.18743392164667128,0.9872881355932204,0.43597930825546766,3.5618840161705774,2.4192,-4786.736265576063,-4987.650447503732,0.0890100058775598,passive
Tomato,BYB_Recording_2024-06-26_23.54.25,raw,-1.2045257562247103,0.17038613350851395,0.8533898305084746,1.0,1.0,2.4192,23231.00272519599,21474.446045279677,1.3749118897332242,passive
Tomato,BYB_Recording_2024-06-27_00.22.45,norm,0.28130011604110994,0.541251708196357,0.652542372881356,0.6197219601603213,1.9537974793272688,1.5708,-6482.556297732447,-7375.0819838121,0.2599515921552471,passive
Tomato,BYB_Recording_2024-06-27_00.22.45,raw,0.2721732176866638,0.32777105196352474,0.18389830508474575,1.0,1.0,1.5708,23993.133253083823,23841.411122860118,0.055597834276860936,passive
Tomato,BYB_Recording_2024-06-27_00.38.23,norm,0.2569229012747266,0.27583646988603616,0.25084745762711863,0.4420297762162417,0.5213053712751997,1.6463999999999999,-6618.618745578615,-6667.08701838453,0.01891356861130955,passive
Tomato,BYB_Recording_2024-06-27_00.38.23,raw,0.24733392657469355,0.25384480610777704,0.11694915254237288,1.0,1.0,1.6463999999999999,28189.7328149957,28178.49639442498,0.006510879533083491,passive
Tomato,BYB_Recording_2024-07-05_16.48.00,norm,0.2776118522848745,0.277622878249267,0.05,0.4172271019834506,0.41852363781825674,6.4764,-8935.48542509146,-8927.570501310862,1.1025964392508136e-05,active
Tomato,BYB_Recording_2024-07-05_16.48.00,raw,-5.041683587158256,0.056416374606039654,2.0584745762711862,1.0,1.0,6.4764,33752.05021040572,31612.95719361815,5.098099961764296,passive
Tomato,BYB_Recording_2024-07-05_16.51.56,norm,0.543940840319473,0.7179516900905536,0.7194915254237289,0.8058610845402348,1.8039050934940042,0.9576,-12949.579781676013,-14651.178981961317,0.1740108497710806,passive
Tomato,BYB_Recording_2024-07-05_16.51.56,raw,0.15027451233541256,0.7101449215933229,0.652542372881356,1.0,1.0,0.9576,40879.38249942251,37060.815625272466,0.5598704092579103,passive
Tomato,BYB_Recording_2024-07-09_15.12.30,norm,0.9035027274315065,0.9100005522852046,0.25084745762711863,0.878136998443405,0.9312434134506441,0.6842783807224397,-12190.12227394864,-12355.467295629598,0.006497824853698098,passive
Tomato,BYB_Recording_2024-07-09_15.12.30,raw,0.8946667502456547,0.8951029585194207,0.11694915254237288,1.0,1.0,0.6842783807224397,5159.464093099682,5156.973566462063,0.00043620827376600335,passive
Tomato,BYB_Recording_2024-07-10_11.32.51,norm,0.3717208998858855,0.7188358014525136,1.188135593220339,0.7252806410852433,3.424821734053787,3.3546330372002533,-6447.258568339414,-8458.388783058857,0.34711490156662805,passive
Tomato,BYB_Recording_2024-07-10_11.32.51,raw,0.2144749826420943,0.5587714419425152,0.7194915254237289,1.0,1.0,3.3546330372002533,10954.632024205208,9514.142546547164,0.34429645930042085,passive
Venus Flytrap,BYB_Recording_2024-01-28_16.49.19,norm,0.5267546279254551,0.6690862036018743,0.3177966101694915,0.9644866176996303,1.7522997189924483,0.4284,-17565.62727461395,-19051.27965326983,0.1423315756764192,passive
Venus Flytrap,BYB_Recording_2024-01-28_16.49.19,raw,-9.675402918823579,0.41991137487502683,0.8533898305084746,1.0,1.0,0.4284,39293.50034167831,34135.20071447243,10.095314293698605,passive
Venus Flytrap,BYB_Recording_2024-05-16_22.38.00,norm,0.6423305577625875,0.7594329195907823,0.25084745762711863,0.9966510360815967,1.5282989816558035,0.504,-10358.722692501688,-11289.729758774403,0.11710236182819478,passive
Venus Flytrap,BYB_Recording_2024-05-16_22.38.00,raw,-42.46872659175264,0.09600303234796115,1.723728813559322,1.0,1.0,0.504,29404.691684903624,27534.065893998457,42.5647296241006,passive
Venus Flytrap,BYB_Recording_2024-05-21_00.22.52,norm,0.6182976957212335,0.7162833278364371,0.18389830508474575,0.8800852764738675,1.2155663460959674,0.5208,-9676.392361560895,-10296.181793079739,0.09798563211520361,passive
Venus Flytrap,BYB_Recording_2024-05-21_00.22.52,raw,-1.6922618555856306,0.44519069482847073,0.5855932203389831,1.0,1.0,0.5208,29202.3183272077,26499.014933616727,2.1374525504141015,passive
Venus Flytrap,BYB_Recording_2024-05-22_23.31.14,norm,0.893056492732703,0.8997038357686548,0.11694915254237288,1.041755524283186,1.142223395211213,0.4704,-9434.864708712725,-9539.827772003446,0.006647343035951714,passive
Venus Flytrap,BYB_Recording_2024-05-22_23.31.14,raw,-48.92671546123545,0.05514272235232143,1.9245762711864407,1.0,1.0,0.4704,21942.965032020078,20637.54002552223,48.981858183587775,passive
Venus Flytrap,BYB_Recording_2024-05-22_23.36.51,norm,0.6847310319077563,0.8843505435440412,0.11694915254237288,1.0930686940900727,1.6894947612762998,0.2688,-6482.190510056589,-7892.983840309499,0.19961951163628489,passive
Venus Flytrap,BYB_Recording_2024-05-22_23.36.51,raw,-0.32790474715438256,0.7971876475645782,0.18389830508474575,1.0,1.0,0.2688,20291.72325256098,17641.96337024166,1.1250923947189606,passive
Venus Flytrap,BYB_Recording_2024-05-23_22.13.46,norm,0.7538398910651707,0.9279144576188488,0.18389830508474575,1.1983268699762564,1.875743618964118,0.2772,-11391.331646770583,-14216.880787800063,0.17407456655367815,passive
Venus Flytrap,BYB_Recording_2024-05-23_22.13.46,raw,-0.20067085476598745,0.8243564812982176,0.25084745762711863,1.0,1.0,0.2772,32012.745228494776,27586.021410972135,1.025027336064205,passive
Venus Flytrap,BYB_Recording_2024-05-25_20.35.34,norm,0.8788306027394672,0.8830361094786641,0.11694915254237288,1.0554739287493335,1.1158398959726563,0.3948,-9331.190504381584,-9388.87835763776,0.00420550673919684,passive
Venus Flytrap,BYB_Recording_2024-05-25_20.35.34,raw,-7.241799750216135,0.4291311879523112,1.0542372881355933,1.0,1.0,0.3948,22986.106343650357,20680.140722103562,7.670930938168446,passive
Venus Flytrap,BYB_Recording_2024-05-27_22.48.45,norm,0.8693633085144414,0.9424368389419228,0.18389830508474575,1.0705432208286652,1.4375718498259067,0.36119999999999997,-13804.08142901389,-15827.898846612678,0.07307353042748133,passive
Venus Flytrap,BYB_Recording_2024-05-27_22.48.45,raw,0.8610023313363221,0.9266454824864728,0.11694915254237288,1.0,1.0,0.36119999999999997,28997.792557016077,27421.147707925502,0.06564315115015074,passive
Venus Flytrap,BYB_Recording_2024-05-29_00.04.58,norm,0.59705901868071,0.610009617020884,0.05,0.8076569149103138,0.8608368582791845,0.2268,-8453.35000430571,-8505.267096129905,0.01295059834017398,passive
Venus Flytrap,BYB_Recording_2024-05-29_00.04.58,raw,-2.058005405762294,0.37073142094727274,0.3847457627118644,1.0,1.0,0.2268,21978.265635742504,19883.29112321165,2.428736826709567,passive
Venus Flytrap,BYB_Recording_2024-05-29_00.16.30,norm,0.9517796980117796,0.9555337657436885,0.11694915254237288,1.0053926348173903,1.083053824974536,0.43679999999999997,-14086.458632162576,-14256.669477883288,0.0037540677319088944,passive
Venus Flytrap,BYB_Recording_2024-05-29_00.16.30,raw,-0.09166585076587386,0.6415900917991979,0.3847457627118644,1.0,1.0,0.43679999999999997,28029.47295751774,25592.413680357473,0.7332559425650718,passive
Venus Flytrap,BYB_Recording_2024-05-30_01.09.15,norm,0.9036122517193458,0.9146055918265334,0.11694915254237288,1.101128869995306,1.1978020973536394,0.21839999999999998,-11500.239516863108,-11738.453641057755,0.010993340107187666,passive
Venus Flytrap,BYB_Recording_2024-05-30_01.09.15,raw,-7.6872066725868144,0.22096912275755198,0.9872881355932204,1.0,1.0,0.21839999999999998,25247.080817341,23341.722754060902,7.908175795344366,passive
Venus Flytrap,BYB_Recording_2024-06-01_21.44.30,norm,0.8088873516861074,0.8437165177226773,0.11694915254237288,1.1819881180910758,1.358199405955837,0.294,-11211.019818453062,-11648.955947180635,0.034829166036569936,passive
Venus Flytrap,BYB_Recording_2024-06-01_21.44.30,raw,0.7994978478274103,0.8426231512083486,0.11694915254237288,1.0,1.0,0.294,23488.4880395963,22959.75849154381,0.04312530338093834,passive
Venus Flytrap,BYB_Recording_2024-06-02_21.01.38,norm,0.8684580440207399,0.8753773826536717,0.05,1.0457806233773395,1.076328199252071,0.14279999999999998,-16081.467775353569,-16222.46876146406,0.006919338632931815,passive
Venus Flytrap,BYB_Recording_2024-06-02_21.01.38,raw,0.7464732838372103,0.7464732838372103,0.0,1.0,1.0,0.14279999999999998,31984.563161558464,31992.484697190597,0.0,active
Venus Flytrap,BYB_Recording_2024-07-03_11.24.59,norm,0.1897507254380567,0.28296804020920197,0.4516949152542373,0.35340452187589416,0.8193643912092806,0.650898947516467,-10677.479788846953,-11079.780595031343,0.09321731477114525,passive
Venus Flytrap,BYB_Recording_2024-07-03_11.24.59,raw,0.131254942948845,0.13179349296326281,0.11694915254237288,1.0,1.0,0.650898947516467,30783.017104236675,30789.053877571627,0.0005385500144178268,active
Venus Flytrap,BYB_Recording_2025-01-10_17.18.20_Venus_11 mm_2record,norm,0.19144906197378764,0.2197432606374422,0.5855932203389831,0.28736843299514075,0.6945397559897666,0.44227748997913785,-17708.447009803996,-17848.543355074486,0.02829419866365457,passive
Venus Flytrap,BYB_Recording_2025-01-10_17.18.20_Venus_11 mm_2record,raw,0.17110298613863384,0.17110298613863384,0.0,1.0,1.0,0.44227748997913785,34112.73035747966,34121.06530911109,0.0,active
Venus Flytrap,BYB_Recording_2025-01-10_17.49.47_Venus_7.5_2mm_record,norm,0.5226219151139719,0.5916415170858937,0.18389830508474575,0.8108138100734409,1.1179250134246497,0.31710461545674035,-20134.151560275553,-20840.01473754283,0.0690196019719218,passive
Venus Flytrap,BYB_Recording_2025-01-10_17.49.47_Venus_7.5_2mm_record,raw,-7.391777720248497,0.14635709664623786,1.255084745762712,1.0,1.0,0.31710461545674035,27181.937602147755,23298.397748320283,7.538134816894734,passive
Venus Flytrap,BYB_Recording_2025-01-14_17.17.22-13 mm,norm,0.8632996708338987,0.8752783801581415,0.11694915254237288,0.8513439526913689,0.9254066427078858,0.16689716602986335,-18370.50700914202,-18666.500704944552,0.011978709324242831,passive
Venus Flytrap,BYB_Recording_2025-01-14_17.17.22-13 mm,raw,0.26776918546685,0.6713971500707698,0.3177966101694915,1.0,1.0,0.16689716602986335,24139.028996094217,21490.204085818023,0.4036279646039198,passive
Venus Flytrap,BYB_Recording_2025-01-14_17.31.14 -11 mm,norm,0.8737185437230346,0.9597301646800199,0.25084745762711863,1.1522786166626384,1.4848997671325752,0.4673120648836174,-16431.922564862576,-20363.389834272955,0.08601162095698534,passive
Venus Flytrap,BYB_Recording_2025-01-14_17.31.14 -11 mm,raw,-20.457469955685546,0.23680183809090782,1.5228813559322034,1.0,1.0,0.4673120648836174,29292.86408483589,25981.946049716767,20.694271793776455,passive
