species,latin,recording,duration_s,fs,n_channels,distance_mm,stim_start_s,stim_stop_s,n_markers,near_channel,far_channel,peak_delay_s,onset_delay_s,xcorr_delay_s,xcorr_corr,cv_peak_mm_s,cv_xcorr_mm_s,cm_baseline_r,event_zero_lag_r,r0_over_rpk,delay_resolved,near_peak_amp,far_peak_amp,attenuation_far_near,near_fwhm_s,far_fwhm_s,broadening_far_near,near_rise_s,far_rise_s,rise_ratio_far_near,near_snr,far_snr,valid,flags,distance_mm_d,sheet_delay_s,cv_manual,tau_2tap,cv_2tap
Argentian Dollar,Plectranthus purpuratus,BYB_Recording_2024-02-05_20.00.19,24.49,5000.0,2,8.95,3.2532,10.9638,2,0,1,0.917,1.474,9.738,0.261,9.762,0.919,0.912,0.129,0.493,True,8347.9,625.0,0.075,1.358,0.369,0.272,0.766,0.208,0.272,34.9,22.7,False,common_mode_high;low_waveform_similarity,8.95,0.882,10.147392290249432,,
Argentian Dollar,Plectranthus purpuratus,BYB_Recording_2024-02-15_21.34.38,35.19,5000.0,2,6.25,2.7506,10.6128,2,0,1,1.447,2.455,2.676,0.745,4.318,2.336,0.991,-0.172,0.231,True,9864.4,1377.9,0.14,1.875,2.81,1.499,2.23,1.222,0.548,92.5,48.0,True,common_mode_high,6.25,1.385,4.512635379061372,2.6799999999997723,2.332089552239004
Argentian Dollar,Plectranthus purpuratus,BYB_Recording_2024-02-28_18.04.24,34.65,5000.0,2,8.85,4.9132,17.659,2,0,1,1.88,1.438,1.755,0.85,4.706,5.042,-0.034,0.683,0.804,True,2258.7,769.0,0.34,1.332,3.498,2.626,1.759,2.201,1.252,48.8,16.9,True,,8.85,1.76,5.028409090909091,1.7799999999997915,4.971910112360133
Argentian Dollar,Plectranthus purpuratus,BYB_Recording_2024-02-28_18.09.31,40.15,5000.0,2,9.32,8.1688,19.8686,2,0,1,0.925,-0.173,0.003,0.632,10.08,,0.978,0.632,1.0,False,8612.3,550.2,0.064,0.848,0.608,0.717,0.54,1.637,3.034,281.8,45.6,True,delay_unresolved;common_mode_high,9.32,4.42,2.1085972850678734,0.9999999999998082,9.320000000001787
Argentian Dollar,Plectranthus purpuratus,BYB_Recording_2024-02-29_18.32.58,39.76,5000.0,2,11.47,6.1838,17.6024,2,0,1,7.229,3.632,5.985,0.608,1.587,1.917,0.832,0.015,0.025,True,3762.0,1055.1,0.28,1.901,4.824,2.537,0.741,4.338,5.856,25.5,19.0,True,common_mode_high,11.47,7.085,1.6189131968948485,5.779999999999706,1.984429065744045
Argentian Dollar,Plectranthus purpuratus,BYB_Recording_2024-03-06_22.07.54,45.76,5000.0,2,9.6,7.3482,17.5422,2,1,0,0.816,0.73,0.644,0.903,11.759,14.911,0.589,0.844,0.935,True,1157.2,1704.8,1.473,2.407,2.304,0.957,1.324,1.411,1.065,14.5,23.1,True,,9.6,0.776,12.371134020618555,1.2199999999998037,7.868852459017661
Argentian Dollar,Plectranthus purpuratus,BYB_Recording_2024-03-06_22.10.49,39.3,5000.0,2,9.88,5.0442,12.0728,2,0,1,8.13,7.081,7.989,0.739,1.215,1.237,0.821,0.085,0.115,True,11953.6,597.2,0.05,1.356,2.274,1.677,0.908,1.957,2.154,220.1,52.3,True,common_mode_high,9.88,7.878,1.2541254125412542,7.999999999999659,1.2350000000000527
Argentian Dollar,Plectranthus purpuratus,BYB_Recording_2024-03-15_21.39.34,44.51,5000.0,2,13.1,4.8232,13.1508,2,0,1,10.996,10.442,11.264,0.616,1.191,1.163,-0.018,-0.288,0.467,True,6119.3,961.1,0.157,1.263,4.764,3.771,1.735,2.289,1.319,173.8,91.7,True,,13.1,9.34,1.4025695931477515,5.279999999999717,2.481060606060739
Basil,Ocimum basilicum,BYB_Recording_2024-01-14_19.15.17,64.1,5000.0,2,23.1,6.1862,14.384,2,0,1,1.482,1.476,1.527,0.85,15.591,15.13,0.784,0.461,0.542,True,1498.4,777.3,0.519,1.143,1.251,1.094,0.798,0.804,1.007,16.3,25.8,True,common_mode_high,23.1,1.512,15.277777777777779,1.5399999999997966,15.000000000001982
Basil,Ocimum basilicum,BYB_Recording_2024-01-23_17.24.57,18.71,5000.0,2,21.2,3.1174,11.7306,2,1,0,1.852,1.618,1.658,0.891,11.445,12.786,-0.438,0.507,0.569,True,5163.1,4007.9,0.776,1.441,1.89,1.312,0.977,1.211,1.24,245.6,532.8,True,,21.2,1.782,11.896745230078563,1.7199999999997928,12.32558139535032
Basil,Ocimum basilicum,BYB_Recording_2024-01-23_17.29.46,31.2,5000.0,2,19.65,9.5774,21.005,2,1,0,2.167,1.723,0.0,0.734,9.066,,0.076,0.734,1.0,False,1184.2,981.5,0.829,6.466,2.575,0.398,1.044,1.488,1.425,60.2,42.7,True,delay_unresolved,19.65,2.098,9.36606291706387,4.65999999999973,4.216738197425137
Basil,Ocimum basilicum,BYB_Recording_2024-01-24_20.37.33,46.31,5000.0,2,16.07,8.7066,24.8942,2,0,1,0.365,1.531,1.456,0.846,44.003,11.04,0.76,0.432,0.511,True,9453.5,2312.9,0.245,2.001,2.188,1.093,2.127,0.962,0.452,37.7,87.2,True,common_mode_high,16.07,1.48,10.858108108108109,1.7199999999997928,9.34302325581508
Basil,Ocimum basilicum,BYB_Recording_2024-01-28_14.33.45,37.42,5000.0,2,12.89,9.4228,18.0142,2,0,1,4.969,3.878,4.5,0.453,2.594,2.864,0.126,0.093,0.206,True,3930.4,454.7,0.116,2.163,2.388,1.104,1.369,2.46,1.798,82.1,9.2,True,,12.89,4.786,2.6932720434600923,4.459999999999734,2.8901345291481544
Basil,Ocimum basilicum,BYB_Recording_2024-01-28_14.51.36,43.45,5000.0,2,15.48,3.1086,23.9344,2,0,1,3.253,2.984,2.948,0.75,4.758,5.251,0.713,0.233,0.311,True,6014.8,1313.3,0.218,1.163,2.562,2.203,1.076,1.345,1.25,56.8,15.8,True,common_mode_high,15.48,3.154,4.908053265694357,-4.680000000000071,3.3076923076922577
Basil,Ocimum basilicum,BYB_Recording_2024-02-12_20.13.13,29.46,5000.0,2,18.38,1.4656,9.7322,2,1,0,2.59,2.263,0.636,0.779,7.097,28.918,0.602,0.576,0.74,True,1731.7,6626.8,3.827,1.066,1.46,1.369,0.532,0.859,1.614,170.0,262.2,True,xcorr_peak_leader_disagree;common_mode_high,18.38,1.24,14.82258064516129,-0.6200000000001573,29.645161290315052
Basil,Ocimum basilicum,BYB_Recording_2024-02-19_18.33.59,40.44,5000.0,2,6.86,3.0998,10.2818,2,0,1,1.458,-1.914,0.601,0.498,4.706,11.422,0.555,0.47,0.942,True,1198.4,663.6,0.554,1.525,2.346,1.539,1.567,4.939,3.152,44.0,11.9,True,xcorr_peak_leader_disagree,6.86,1.408,4.872159090909092,-4.70000000000007,1.4595744680850846
Basil,Ocimum basilicum,BYB_Recording_2024-02-23_19.15.06,27.23,5000.0,2,9.86,5.1838,13.4436,2,0,1,4.595,4.292,4.525,0.733,2.146,2.179,-0.631,0.061,0.083,True,8771.2,1671.5,0.191,1.865,2.039,1.093,0.441,0.744,1.685,237.9,28.2,True,,9.86,4.548,2.167985927880387,4.539999999999733,2.1718061674010087
Basil,Ocimum basilicum,BYB_Recording_2024-02-26_19.20.30,41.24,5000.0,2,7.41,5.1046,17.7018,2,0,1,6.043,4.321,6.264,0.5,1.226,1.183,0.323,0.266,0.533,True,9120.1,683.5,0.075,0.77,3.956,5.137,0.312,2.034,6.527,53.8,29.2,True,,7.41,6.098,1.2151525090193507,2.0199999999997864,3.668316831683556
Basil,Ocimum basilicum,BYB_Recording_2024-02-26_19.38.09,42.66,5000.0,2,9.72,0.5232,17.5494,2,0,1,7.878,6.833,0.002,0.733,1.234,,0.921,0.733,1.0,False,5112.4,659.6,0.129,0.98,2.314,2.361,1.217,2.263,1.859,847.0,77.7,True,delay_unresolved;common_mode_high,9.72,3.426,2.8371278458844134,3.5199999999997544,
Chilean Chile,Capsicum baccatum,BYB_Recording_2024-02-20_20.46.43,30.1,5000.0,2,28.69,5.3138,15.1874,2,0,1,3.225,3.625,3.313,0.929,8.896,8.659,0.916,-0.136,0.147,True,6343.0,2649.6,0.418,1.803,1.72,0.954,1.603,1.203,0.751,152.0,242.0,True,common_mode_high,28.69,3.167,9.059046416166721,3.3199999999997587,8.64156626506087
Chilean Chile,Capsicum baccatum,BYB_Recording_2024-02-23_20.12.50,49.81,5000.0,2,12.98,4.052,16.195,2,1,0,7.813,7.076,8.768,0.374,1.661,1.48,0.81,0.028,0.076,True,-411.5,2315.0,5.626,0.235,1.156,4.929,0.178,0.914,5.142,17.1,83.8,False,xcorr_peak_leader_disagree;common_mode_high;polarity_mismatch;low_waveform_similarity,12.98,7.818,1.6602711690969558,,
Chilean Chile,Capsicum baccatum,BYB_Recording_2024-02-23_20.16.53,39.66,5000.0,2,14.56,4.259,18.1482,2,1,0,3.613,4.887,4.508,0.818,4.029,3.23,0.502,-0.042,0.052,True,1281.5,1726.2,1.347,3.036,3.189,1.05,3.508,2.235,0.637,142.6,75.7,True,,14.56,3.763,3.869253255381345,4.619999999999731,3.1515151515153352
Chilean Chile,Capsicum baccatum,BYB_Recording_2024-02-23_20.20.33,37.51,5000.0,2,18.12,3.8348,13.4826,2,1,0,4.868,5.147,8.551,0.31,3.722,2.119,0.647,0.103,0.332,True,-472.8,2020.6,4.274,0.325,0.853,2.626,0.749,0.47,0.628,11.0,98.2,False,xcorr_peak_leader_disagree;common_mode_high;polarity_mismatch;low_waveform_similarity,18.12,8.459,2.1420971746069277,,
Chilean Chile,Capsicum baccatum,BYB_Recording_2024-02-26_20.31.22,37.07,5000.0,2,13.4,4.807,13.7054,2,0,1,1.275,1.058,1.262,0.859,10.508,10.62,0.885,0.146,0.17,True,2380.1,1086.8,0.457,1.02,1.443,1.415,0.751,0.969,1.29,81.0,82.0,True,common_mode_high,13.4,1.253,10.694333599361533,1.2799999999998022,10.468750000001618
Chilean Chile,Capsicum baccatum,BYB_Recording_2024-02-26_20.34.43,35.47,5000.0,2,41.71,3.9418,17.1762,2,1,0,1.982,2.447,9.266,0.458,21.049,4.501,0.549,-0.115,0.25,True,786.6,-1438.3,1.828,1.782,1.134,0.636,1.233,0.768,0.623,21.0,65.7,True,polarity_mismatch,41.71,1.85,22.545945945945945,2.179999999999783,19.133027522937684
Chilean Chile,Capsicum baccatum,BYB_Recording_2024-03-11_20.19.30,42.29,5000.0,2,26.13,5.618,14.7396,2,0,1,1.81,-0.312,1.928,0.863,14.433,13.556,0.934,0.53,0.615,True,3298.7,402.9,0.122,1.754,3.201,1.825,1.172,3.295,2.811,91.9,30.5,True,common_mode_high,26.13,1.787,14.622271964185787,2.039999999999786,12.808823529413107
Chilean Chile,Capsicum baccatum,BYB_Recording_2024-03-11_20.24.33,38.43,5000.0,2,24.72,4.033,12.5028,2,0,1,1.135,1.35,1.351,0.958,21.784,18.292,0.643,0.519,0.542,True,4280.3,1118.5,0.261,2.239,2.52,1.125,1.461,1.245,0.853,93.4,100.2,True,common_mode_high,24.72,1.128,21.914893617021278,1.3599999999998005,18.17647058823796
Chilean Chile,Capsicum baccatum,BYB_Recording_2024-03-11_20.27.38,38.32,5000.0,2,11.69,4.6298,13.7344,2,0,1,0.573,0.573,0.484,0.952,20.416,24.133,0.601,0.808,0.849,True,3933.9,2459.5,0.625,1.389,1.213,0.874,0.764,0.764,0.999,255.8,303.7,True,common_mode_high,11.69,0.636,18.38050314465409,0.4399999999998201,26.56818181819268
Chilean Chile,Capsicum baccatum,BYB_Recording_2024-03-11_20.31.48,39.96,5000.0,2,23.08,5.0198,13.6892,2,0,1,2.328,2.125,1.452,0.519,9.912,15.898,0.961,-0.004,0.008,True,1143.3,2819.7,2.466,1.286,2.149,1.67,0.981,1.185,1.208,13.4,49.1,True,xcorr_peak_leader_disagree;common_mode_high,23.08,2.311,9.987018606663781,-1.5600000000001373,14.794871794870492
Chilean Chile,Capsicum baccatum,BYB_Recording_2024-03-11_20.34.42,35.68,5000.0,2,18.34,4.7116,13.5614,2,0,1,1.107,0.94,1.061,0.895,16.57,17.279,0.482,0.503,0.562,True,5202.0,4426.3,0.851,0.929,1.544,1.662,0.618,0.785,1.27,96.5,434.8,True,,18.34,1.109,16.53742110009017,1.099999999999806,16.672727272730214
Creeping Inchplant,Callisia repens,BYB_Recording_2024-02-05_19.37.45,49.23,5000.0,2,,3.4908,19.0856,2,0,1,3.787,2.686,3.758,0.798,,,0.303,0.471,0.59,True,2436.2,1198.3,0.492,1.915,1.895,0.989,1.684,2.785,1.654,117.6,90.2,True,,,,,3.779999999999749,
Creeping Inchplant,Callisia repens,BYB_Recording_2024-02-07_19.05.17,36.97,5000.0,2,7.13,7.7102,22.4004,2,0,1,1.482,1.046,1.423,0.802,4.812,5.011,0.935,0.599,0.747,True,3222.0,1138.9,0.353,1.853,2.712,1.464,1.065,1.5,1.409,54.9,41.2,True,common_mode_high,7.13,1.127,6.326530612244897,1.6399999999997943,4.347560975610301
Creeping Inchplant,Callisia repens,BYB_Recording_2024-02-19_19.26.20,40.69,5000.0,2,12.43,3.6022,16.881,2,0,1,2.364,-0.898,2.39,0.692,5.258,5.2,0.57,0.408,0.59,True,9017.6,428.9,0.048,0.971,4.363,4.492,0.486,3.748,7.709,229.3,5.4,True,,12.43,2.279,5.454146555506801,2.499999999999776,4.972000000000445
Creeping Inchplant,Callisia repens,BYB_Recording_2024-02-20_20.02.17,42.55,5000.0,2,12.43,1.4034,22.0298,2,0,1,5.466,4.256,5.165,0.753,2.274,2.406,0.452,0.688,0.914,True,727.2,394.9,0.543,7.14,9.83,1.377,7.592,8.803,1.159,50.9,58.3,True,,12.43,2.279,5.454146555506801,5.859999999999705,2.121160409556421
Creeping Inchplant,Callisia repens,BYB_Recording_2024-02-20_20.07.25,38.8,5000.0,2,7.99,5.8618,19.6618,2,0,1,7.001,10.813,6.679,0.665,1.141,1.196,-0.388,-0.035,0.053,True,1321.2,170.7,0.129,1.567,3.702,2.362,7.056,3.245,0.46,118.9,8.5,True,,7.99,7.38,1.0826558265582655,6.459999999999692,1.236842105263217
Creeping Inchplant,Callisia repens,BYB_Recording_2024-02-20_20.10.44,45.83,5000.0,2,8.75,9.9502,26.4392,2,1,0,11.476,8.655,7.275,0.625,0.762,1.203,0.858,-0.077,0.123,True,-147.9,630.1,4.261,0.263,4.709,17.919,0.217,3.038,13.974,6.0,29.6,True,xcorr_peak_leader_disagree;common_mode_high;polarity_mismatch,8.75,7.017,1.2469716403021234,-7.580000000000009,1.1543535620052756
Creeping Inchplant,Callisia repens,BYB_Recording_2024-02-26_20.12.11,45.29,5000.0,2,16.14,4.6336,17.786,2,0,1,2.161,0.988,1.377,0.679,7.469,11.718,0.842,0.417,0.614,True,1396.5,345.6,0.247,3.656,4.028,1.102,2.469,3.642,1.475,46.7,32.7,True,common_mode_high,16.14,1.868,8.640256959314774,3.059999999999764,5.274509803921975
Creeping Inchplant,Callisia repens,BYB_Recording_2024-02-28_18.46.50,41.68,5000.0,2,12.82,4.736,15.8066,2,1,0,3.263,3.644,1.569,0.629,3.929,8.173,-0.045,0.553,0.879,True,397.0,2599.3,6.548,1.451,1.784,1.23,1.007,0.626,0.622,19.3,127.1,True,xcorr_peak_leader_disagree,12.82,2.878,4.454482279360667,-2.880000000000109,4.4513888888887205
Creeping Inchplant,Callisia repens,BYB_Recording_2024-02-28_18.55.01,34.29,5000.0,2,9.39,5.1316,14.2546,2,1,0,6.35,6.072,2.479,0.513,1.479,3.788,0.873,-0.134,0.262,True,-378.7,7526.2,19.872,0.24,0.599,2.493,0.204,0.481,2.363,16.5,64.1,True,xcorr_peak_leader_disagree;common_mode_high;polarity_mismatch,9.39,2.294,4.093286835222319,-2.38000000000012,3.945378151260306
Creeping Inchplant,Callisia repens,BYB_Recording_2024-02-29_17.41.48,37.08,5000.0,2,12.91,6.4594,14.593,2,0,1,0.987,-1.641,1.511,0.691,13.075,8.543,0.829,0.258,0.373,True,8597.2,1500.2,0.174,0.913,2.233,2.447,2.191,4.819,2.2,66.4,13.9,True,common_mode_high,12.91,1.004,12.858565737051793,1.959999999999788,6.586734693878265
Creeping Inchplant,Callisia repens,BYB_Recording_2024-03-04_20.35.25,38.28,5000.0,2,13.42,1.3832,13.6324,2,1,0,6.554,8.139,1.433,0.772,2.048,9.366,0.879,0.663,0.858,True,-273.6,2066.8,7.554,0.328,3.062,9.323,4.535,2.95,0.651,3.1,27.8,True,xcorr_peak_leader_disagree;common_mode_high;polarity_mismatch,13.42,1.375,9.76,-8.0,1.6775
Creeping Inchplant,Callisia repens,BYB_Recording_2024-03-04_20.43.03,36.75,5000.0,2,14.0,4.3518,16.7176,2,0,1,1.097,1.173,0.804,0.844,12.764,17.404,-0.669,0.717,0.849,True,3545.8,1331.5,0.376,2.205,2.108,0.956,1.247,1.171,0.939,61.2,135.4,True,,14.0,0.975,14.35897435897436,0.8799999999998107,15.909090909094331
Creeping Inchplant,Callisia repens,BYB_Recording_2024-03-04_20.50.21,27.92,5000.0,2,16.51,4.707,13.2794,2,0,1,0.841,0.641,0.95,0.853,19.627,17.372,0.431,0.592,0.694,True,2067.5,573.3,0.277,1.864,1.977,1.061,1.467,1.667,1.137,204.9,127.8,True,,16.51,0.663,24.901960784313726,1.099999999999806,15.009090909093556
Creeping Inchplant,Callisia repens,BYB_Recording_2024-03-06_21.56.45,35.88,5000.0,2,18.42,5.2082,12.1584,2,0,1,3.863,3.527,4.111,0.694,4.768,4.481,0.958,0.192,0.277,True,9313.0,715.8,0.077,1.422,1.544,1.086,1.08,1.417,1.312,236.4,9.0,True,common_mode_high,18.42,3.871,4.758460346163782,4.099999999999742,4.492682926829551
Creeping Inchplant,Callisia repens,BYB_Recording_2024-03-06_21.59.50,35.62,5000.0,2,10.94,4.7724,14.5468,2,1,0,3.109,3.031,0.679,0.811,3.519,16.102,0.33,0.683,0.842,True,-594.0,4104.4,6.91,0.266,0.881,3.309,0.241,0.319,1.325,26.7,75.4,True,xcorr_peak_leader_disagree;polarity_mismatch,10.94,0.968,11.301652892561984,-0.8400000000001526,13.023809523807158
Hierbabuena,Clinopodium douglasii,BYB_Recording_2024-02-22_17.09.43,43.47,5000.0,2,8.07,5.3808,19.1264,2,0,1,4.288,3.231,4.039,0.299,1.882,1.998,0.997,-0.098,0.328,True,3402.6,1596.2,0.469,0.525,2.351,4.482,0.367,1.424,3.88,39.1,30.8,False,common_mode_high;low_waveform_similarity,8.07,2.768,2.915462427745665,,
Hierbabuena,Clinopodium douglasii,BYB_Recording_2024-02-22_17.13.41,43.97,5000.0,2,10.83,4.1922,15.5606,2,0,1,5.061,5.238,5.323,0.808,2.14,2.034,0.98,0.026,0.032,True,8225.7,1347.1,0.164,1.765,1.923,1.09,1.26,1.083,0.86,128.4,41.0,True,common_mode_high,10.83,4.917,2.202562538133008,5.319999999999716,2.0357142857143944
Hierbabuena,Clinopodium douglasii,BYB_Recording_2024-02-22_17.17.23,36.41,5000.0,2,8.37,4.5946,15.4798,2,0,1,7.164,5.431,0.0,0.558,1.168,,0.984,0.558,1.0,False,4282.8,1536.1,0.359,0.882,3.803,4.311,0.293,2.025,6.92,66.1,41.4,True,delay_unresolved;common_mode_high,8.37,2.485,3.368209255533199,-1.4200000000001405,5.894366197182515
Hierbabuena,Clinopodium douglasii,BYB_Recording_2024-02-26_19.52.38,40.53,5000.0,2,7.5,3.0576,12.6142,2,0,1,2.825,2.974,2.664,0.764,2.654,2.815,0.836,0.536,0.702,True,2835.5,3006.1,1.06,2.448,1.534,0.626,0.959,0.811,0.845,26.8,88.5,True,common_mode_high,7.5,2.837,2.6436376454000703,2.6799999999997723,2.7985074626868047
Hierbabuena,Clinopodium douglasii,BYB_Recording_2024-02-26_19.59.40,41.02,5000.0,2,7.35,3.9684,10.9048,2,0,1,1.327,2.449,2.187,0.535,5.537,3.361,0.631,0.336,0.629,True,1461.4,742.4,0.508,0.5,1.709,3.417,1.918,0.797,0.415,14.4,40.0,True,common_mode_high,7.35,2.096,3.5066793893129766,2.2399999999997817,3.28125000000032
Hierbabuena,Clinopodium douglasii,BYB_Recording_2024-03-01_17.55.10,29.41,5000.0,2,8.25,5.2642,9.8204,2,0,1,2.992,3.314,3.437,0.841,2.757,2.4,-0.423,0.304,0.361,True,6898.2,2808.9,0.407,1.5,1.485,0.991,1.06,0.739,0.697,119.6,60.0,True,,8.25,3.01,2.7408637873754156,3.439999999999756,2.3982558139536585
Hierbabuena,Clinopodium douglasii,BYB_Recording_2024-03-01_18.01.51,36.08,5000.0,2,10.19,1.2168,13.0316,2,0,1,4.425,4.685,4.606,0.922,2.303,2.212,0.973,0.14,0.151,True,10034.4,3161.7,0.315,2.201,1.344,0.611,0.943,0.683,0.725,150.3,98.1,True,common_mode_high,10.19,4.425,2.302824858757062,4.65999999999973,2.186695278970084
Hierbabuena,Clinopodium douglasii,BYB_Recording_2024-03-01_18.08.05,35.08,5000.0,2,7.8,6.6166,15.2016,2,0,1,0.399,0.495,0.423,0.984,19.568,18.431,0.314,0.83,0.844,True,6695.1,1559.2,0.233,1.31,1.205,0.92,0.696,0.599,0.861,262.0,57.9,True,,7.8,0.404,19.306930693069305,0.2999999999998231,26.000000000015334
Hierbabuena,Clinopodium douglasii,BYB_Recording_2024-03-04_20.20.54,30.56,5000.0,2,8.83,5.1082,12.1198,2,0,1,4.354,4.225,4.13,0.751,2.028,2.138,-0.382,0.248,0.331,True,13779.5,1605.1,0.116,2.147,1.178,0.549,0.519,0.647,1.248,276.3,76.6,True,,8.83,4.018,2.1976107516177206,4.099999999999742,2.153658536585501
Hierbabuena,Clinopodium douglasii,BYB_Recording_2024-03-08_21.04.08,31.4,5000.0,2,6.56,4.2462,19.6992,2,1,0,0.5,0.488,0.44,0.985,13.11,14.902,0.918,0.845,0.858,True,3608.0,8079.2,2.239,1.7,1.367,0.804,0.527,0.54,1.024,156.2,212.4,True,common_mode_high,6.56,0.521,12.591170825335892,0.4199999999998205,15.619047619054292
Hierbabuena,Clinopodium douglasii,BYB_Recording_2024-03-08_21.06.56,30.03,5000.0,2,5.59,4.9094,12.0834,2,0,1,0.12,0.325,0.187,0.99,,,0.129,0.959,0.969,False,7398.7,4671.7,0.631,1.67,1.302,0.78,0.708,0.503,0.711,352.4,209.0,False,delay_unresolved;near_synchronous,5.59,0.13,43.0,,
Hierbabuena,Clinopodium douglasii,BYB_Recording_2024-03-08_21.12.27,25.51,5000.0,2,8.1,4.8726,15.7114,2,0,1,2.315,0.515,2.041,0.844,3.498,3.969,0.176,0.314,0.372,True,13043.0,3704.8,0.284,0.746,1.902,2.55,0.446,2.246,5.039,721.9,369.0,True,,8.1,2.341,3.460059803502776,2.1199999999997843,3.820754716981521
Hierbabuena,Clinopodium douglasii,BYB_Recording_2024-03-08_21.18.08,41.03,5000.0,2,7.32,4.3252,12.5072,2,0,1,0.774,2.178,1.312,0.856,9.455,5.578,0.946,0.314,0.367,True,4820.6,2138.0,0.444,1.605,1.829,1.139,2.549,1.145,0.449,114.4,72.1,True,common_mode_high,7.32,0.801,9.138576779026216,1.2599999999998026,5.80952380952472
Hierbabuena,Clinopodium douglasii,BYB_Recording_2024-03-08_21.22.04,33.13,5000.0,2,6.62,5.1244,11.199,2,0,1,0.418,0.238,0.323,0.993,15.852,20.508,-0.34,0.887,0.894,True,8745.8,5635.2,0.644,1.186,1.245,1.05,0.436,0.616,1.412,323.2,471.1,True,,6.62,0.468,14.145299145299145,0.3999999999998209,16.550000000007408
Hierbabuena,Clinopodium douglasii,BYB_Recording_2024-03-08_21.24.53,31.29,5000.0,2,6.41,5.203,17.316,2,0,1,0.327,0.319,0.332,0.994,19.578,19.307,0.847,0.898,0.903,True,10804.7,3975.6,0.368,1.432,1.669,1.165,0.564,0.573,1.015,425.5,132.3,True,common_mode_high,6.41,0.348,18.419540229885058,0.3599999999998218,17.80555555556437
Hierbabuena,Clinopodium douglasii,BYB_Recording_2024-03-08_21.27.40,37.08,5000.0,2,5.72,5.6374,13.26,2,0,1,0.688,0.08,0.827,0.97,8.319,6.917,0.05,0.796,0.82,True,8956.4,3803.7,0.425,1.901,1.739,0.914,1.073,1.68,1.567,470.5,247.4,True,,5.72,0.718,7.9665738161559885,0.9999999999998082,5.7200000000010975
Marijuana,Cannabis sativa,BYB_Recording_2025-08-23_22.07.27-28.8mm,58.53,5000.0,2,27.8,11.4578,19.8784,2,1,0,2.749,2.627,2.663,0.954,10.114,10.439,0.2,0.077,0.081,True,2712.7,4126.8,1.521,1.526,1.417,0.929,0.718,0.84,1.17,90.5,297.1,True,,27.8,2.72,10.220588235294118,2.6599999999997728,10.451127819549765
Marijuana,Cannabis sativa,BYB_Recording_2025-08-23_22.55.19-22mm,25.0,5000.0,2,22.0,5.9608,12.7882,2,0,1,1.507,1.524,1.593,0.812,14.595,13.81,0.643,0.082,0.101,True,1713.8,3331.2,1.944,1.202,1.423,1.184,0.834,0.818,0.98,21.0,76.6,True,common_mode_high,22.0,1.679,13.103037522334724,1.619999999999795,13.580246913581966
Marijuana,Cannabis sativa,BYB_Recording_2025-08-23_23.19.28-21mm,35.28,5000.0,2,21.0,7.2572,13.8522,2,0,1,4.961,4.493,5.196,0.887,4.233,4.042,0.86,-0.014,0.016,True,2220.1,1628.2,0.733,2.829,4.427,1.565,2.074,2.542,1.226,172.7,54.0,True,common_mode_high,21.0,4.97,4.225352112676057,5.239999999999718,4.007633587786476
Marijuana,Cannabis sativa,BYB_Recording_2025-08-23_23.30.42-22mm,39.78,5000.0,2,22.0,5.6028,11.641,2,0,1,2.797,3.386,2.886,0.809,7.866,7.622,-0.173,0.155,0.191,True,2221.8,1311.5,0.59,1.875,2.135,1.139,1.857,1.267,0.683,30.6,15.0,True,,22.0,2.87,7.665505226480836,2.899999999999768,7.586206896552332
Marijuana,Cannabis sativa,BYB_Recording_2025-08-23_23.44.45-26mm,65.23,5000.0,2,26.0,4.9366,12.4746,2,0,1,3.095,2.704,2.943,0.828,8.401,8.835,0.171,0.062,0.075,True,2664.4,1200.6,0.451,1.929,2.438,1.264,0.977,1.368,1.401,36.5,32.5,True,,26.0,3.138,8.285532186105801,2.939999999999767,8.843537414966688
Marijuana,Cannabis sativa,BYB_Recording_2025-09-13_01.03.00-23.11mm,62.96,5000.0,2,23.1,4.0526,12.4748,2,0,1,11.409,9.642,10.985,0.804,2.025,2.103,0.842,0.109,0.136,True,1265.6,923.7,0.73,4.822,5.717,1.186,1.926,3.693,1.918,34.7,21.9,True,common_mode_high,23.1,11.25,2.0533333333333337,7.999999999999659,2.887500000000123
Marijuana,Cannabis sativa,BYB_Recording_2025-09-13_01.21.52-16.78mm,40.17,5000.0,2,16.8,13.6506,23.2722,2,0,1,6.165,4.416,5.897,0.823,2.725,2.849,0.531,-0.193,0.235,True,1147.5,743.4,0.648,3.212,3.343,1.041,1.343,3.093,2.303,44.5,90.3,True,,16.8,6.205,2.7074939564867044,5.959999999999702,2.818791946308865
Marijuana,Cannabis sativa,BYB_Recording_2025-09-13_01.45.23-24.26mm,32.63,5000.0,2,24.3,6.3852,14.431,2,0,1,1.251,2.629,1.376,0.868,19.424,17.662,0.49,0.364,0.419,True,4360.2,3547.6,0.814,1.43,1.103,0.771,2.058,0.68,0.33,79.5,95.8,True,,24.3,1.368,17.763157894736842,1.2999999999998018,18.692307692310543
Marijuana,Cannabis sativa,BYB_Recording_2025-09-13_01.52.20-21.60mm,33.78,5000.0,2,21.6,7.8216,16.5328,2,1,0,0.084,0.978,0.471,0.635,,45.821,-0.224,0.59,0.93,True,1174.3,1533.8,1.306,3.282,1.973,0.601,1.985,1.091,0.55,34.5,31.3,False,near_synchronous,21.6,1.112,19.424460431654676,,
Marijuana,Cannabis sativa,BYB_Recording_2025-09-15_00.20.12-21.09mm,23.17,5000.0,2,21.1,4.446,11.2666,2,0,1,1.484,1.657,1.444,0.884,14.222,14.608,0.382,0.487,0.551,True,1168.7,1394.7,1.193,2.292,1.686,0.736,1.278,1.105,0.865,76.6,52.8,True,,21.1,1.593,13.245448838669178,1.5599999999997962,13.525641025642791
Marijuana,Cannabis sativa,BYB_Recording_2025-09-15_00.27.51-21.09mm,30.56,5000.0,2,18.1,4.3074,11.2602,2,0,1,4.121,4.259,4.632,0.763,4.392,3.907,0.635,-0.131,0.171,True,455.2,1457.2,3.201,2.105,3.09,1.468,2.06,1.921,0.933,5.2,39.5,True,common_mode_high,18.1,3.986,4.5408931259407925,4.579999999999732,3.951965065502415
Marijuana,Cannabis sativa,BYB_Recording_2025-09-15_00.38.35-16.49mm,39.8,5000.0,2,16.5,7.7984,14.979,2,0,1,8.309,6.537,8.093,0.796,1.986,2.039,0.561,-0.265,0.333,True,1127.8,1037.4,0.92,3.245,4.398,1.355,1.917,3.689,1.924,16.1,27.2,True,,16.5,8.592,1.920391061452514,7.999999999999659,2.062500000000088
Marijuana,Cannabis sativa,BYB_Recording_2025-09-15_00.47.20-16.06mm,31.73,5000.0,2,16.1,,,0,0,1,5.446,2.316,5.423,0.784,2.957,2.969,0.997,0.113,0.145,True,3077.0,665.7,0.216,1.589,2.021,1.272,0.836,3.966,4.743,185.1,38.3,True,common_mode_high,16.1,5.436,2.9617365710080943,5.419999999999714,2.970479704797205
Mint,Mentha spicata,BYB_Recording_2023-12-19_18.14.10,29.76,5000.0,2,10.0,10.14,17.6376,2,0,1,2.473,4.193,2.993,0.647,4.044,3.341,0.586,0.082,0.126,True,2325.1,1552.9,0.668,2.97,4.255,1.433,4.29,2.57,0.599,23.3,12.6,True,,10.0,2.399,4.168403501458942,3.1999999999997613,3.125000000000233
Mint,Mentha spicata,BYB_Recording_2024-01-26_19.52.38,30.29,5000.0,2,27.11,5.6152,13.2286,2,0,1,4.464,4.345,4.498,0.71,6.073,6.027,0.057,-0.222,0.313,True,4427.0,1038.7,0.235,1.052,1.268,1.205,0.67,0.789,1.178,86.9,22.1,True,,27.11,4.473,6.0608093002459205,4.479999999999734,6.051339285714645
Mint,Mentha spicata,BYB_Recording_2024-01-26_20.00.04,38.76,5000.0,2,22.39,4.473,9.9746,2,0,1,4.426,4.386,4.398,0.559,5.059,5.091,0.753,-0.001,0.002,True,2448.9,1050.2,0.429,1.959,1.751,0.894,1.03,1.07,1.039,78.0,36.3,True,common_mode_high,22.39,4.335,5.164936562860438,4.379999999999736,5.11187214611903
Mint,Mentha spicata,BYB_Recording_2024-01-26_20.08.19,31.88,5000.0,2,36.21,5.9696,12.8386,2,0,1,6.03,5.432,9.094,0.448,6.005,3.982,0.865,-0.034,0.076,True,2533.0,673.8,0.266,1.235,2.798,2.265,0.901,1.499,1.663,31.8,14.6,True,common_mode_high,36.21,2.364,15.317258883248732,6.219999999999697,5.821543408360412
Mint,Mentha spicata,BYB_Recording_2024-02-09_22.29.45,45.19,5000.0,2,22.43,3.29,13.0276,2,1,0,8.427,6.782,9.36,0.729,2.662,2.396,0.716,0.042,0.058,True,1689.0,4154.1,2.46,0.227,3.296,14.534,0.184,1.829,9.921,30.1,14.7,True,xcorr_peak_leader_disagree;common_mode_high,22.43,9.405,2.384901648059543,-8.0,2.80375
Mint,Mentha spicata,BYB_Recording_2024-02-12_19.02.16,35.48,5000.0,2,35.22,4.5596,12.6352,2,0,1,9.416,8.661,9.218,0.573,3.74,3.821,0.74,-0.022,0.039,True,2962.8,575.8,0.194,0.537,1.786,3.328,0.303,1.058,3.489,242.0,45.5,True,common_mode_high,35.22,7.138,4.9341552255533765,7.699999999999665,4.574025974026172
Mint,Mentha spicata,BYB_Recording_2024-02-12_20.19.02,45.06,5000.0,2,30.82,2.1,11.8078,2,0,1,9.351,9.528,9.135,0.482,3.296,3.374,-0.116,0.244,0.507,True,2933.6,1259.7,0.429,2.8,1.485,0.53,1.342,1.164,0.867,177.3,38153.4,True,,30.82,9.315,3.308641975308642,7.999999999999659,3.852500000000164
Mint,Mentha spicata,BYB_Recording_2024-02-20_19.07.45,39.86,5000.0,2,30.92,8.711,17.6818,2,0,1,12.21,11.242,11.422,0.752,2.532,2.707,0.796,-0.105,0.14,True,4636.8,911.6,0.197,2.091,2.967,1.419,0.442,1.41,3.189,42.7,28.7,True,common_mode_high,30.92,9.728,3.1784539473684212,4.699999999999729,6.578723404255698
Mint,Mentha spicata,BYB_Recording_2024-02-20_19.11.24,42.57,5000.0,2,42.25,7.3302,18.0242,2,1,0,4.207,3.531,15.365,0.551,10.042,2.75,-0.165,-0.074,0.134,True,1337.5,3312.5,2.477,0.247,2.624,10.608,0.184,0.86,4.686,39.2,23.7,True,xcorr_peak_leader_disagree,42.25,17.024,2.4817904135338344,-1.3200000000001424,32.007575757572305
Mint,Mentha spicata,BYB_Recording_2024-02-20_19.19.15,44.01,5000.0,2,9.54,9.2142,20.6054,2,0,1,0.692,1.051,0.901,0.826,13.79,10.586,-0.389,0.447,0.541,True,2957.4,2774.9,0.938,1.346,1.626,1.208,1.21,0.85,0.703,49.8,166.6,True,,9.54,0.665,14.345864661654133,0.9399999999998094,10.148936170214824
Mint,Mentha spicata,BYB_Recording_2024-02-20_19.22.59,40.67,5000.0,2,14.08,6.0286,22.1062,2,0,1,2.537,2.062,2.376,0.893,5.549,5.925,0.961,0.05,0.055,True,2605.7,1073.5,0.412,1.958,2.855,1.458,1.189,1.664,1.4,46.2,28.4,True,common_mode_high,14.08,2.405,5.854469854469855,2.3799999999997787,5.915966386555172
Mint,Mentha spicata,BYB_Recording_2024-02-20_19.26.22,40.2,5000.0,2,11.56,6.3956,14.1834,2,0,1,1.759,2.021,1.783,0.832,6.571,6.483,-0.394,0.127,0.152,True,5313.2,1536.0,0.289,1.764,2.187,1.24,1.783,1.521,0.853,140.2,153.7,True,,11.56,1.754,6.590649942987458,1.759999999999792,6.568181818182595
Mint,Mentha spicata,BYB_Recording_2024-02-20_19.32.55,47.05,5000.0,2,16.83,5.21,24.1618,2,0,1,3.569,3.01,3.691,0.786,4.715,4.56,-0.392,-0.07,0.089,True,6279.1,1083.8,0.173,1.772,3.626,2.046,1.411,1.97,1.397,105.9,33.2,True,,16.83,3.628,4.6389195148842335,3.679999999999751,4.573369565217701
Mint,Mentha spicata,BYB_Recording_2024-02-20_19.38.46,45.84,5000.0,2,19.74,6.8728,18.9278,2,0,1,9.406,7.241,7.394,0.555,2.099,2.67,0.747,-0.007,0.013,True,8049.6,1166.6,0.145,0.623,4.76,7.646,0.327,2.492,7.63,163.0,57.8,True,common_mode_high,19.74,5.287,3.733686400605258,7.399999999999672,2.6675675675676858
Ornamental Chile,Capsicum annuum,BYB_Recording_2024-02-07_19.42.39,36.07,5000.0,2,11.93,2.2868,12.9424,2,0,1,1.962,1.813,2.123,0.877,6.08,5.62,0.876,0.336,0.383,True,4341.7,672.8,0.155,1.435,3.787,2.639,1.222,1.371,1.122,444.6,46.7,True,common_mode_high,11.93,1.974,6.043566362715299,2.1599999999997834,5.523148148148702
Ornamental Chile,Capsicum annuum,BYB_Recording_2024-02-07_19.48.46,35.05,5000.0,2,16.53,1.9798,15.4978,2,0,1,4.763,3.239,4.389,0.691,3.471,3.766,-0.81,-0.007,0.01,True,978.2,955.8,0.977,2.239,3.976,1.776,2.037,3.561,1.748,32.1,57.0,True,,16.53,4.262,3.8784608165180674,4.439999999999735,3.722972972973196
Ornamental Chile,Capsicum annuum,BYB_Recording_2024-02-12_19.32.29,36.19,5000.0,2,27.19,3.353,15.9674,2,0,1,5.795,5.46,5.725,0.648,4.692,4.749,-0.032,0.571,0.88,True,1582.4,1437.6,0.908,2.203,3.73,1.693,1.848,2.184,1.181,109.2,208.1,True,,27.19,5.747,4.731164085609883,5.899999999999704,4.608474576271418
Ornamental Chile,Capsicum annuum,BYB_Recording_2024-02-19_18.55.40,33.37,5000.0,2,20.27,2.7066,13.935,2,0,1,2.639,1.304,2.057,0.804,7.682,9.854,0.148,0.446,0.555,True,3349.4,789.7,0.236,1.315,2.959,2.249,0.917,2.251,2.456,63.5,31.0,True,,20.27,3.331,6.085259681777244,2.079999999999785,9.745192307693314
Ornamental Chile,Capsicum annuum,BYB_Recording_2024-02-19_18.58.46,40.76,5000.0,2,24.14,1.051,12.5444,2,0,1,10.652,8.847,10.444,0.662,2.266,2.311,0.313,-0.104,0.157,True,8290.4,420.2,0.051,1.738,4.313,2.482,1.035,2.84,2.743,1598.1,364.8,True,,24.14,1.685,14.326409495548962,7.999999999999659,3.017500000000129
Ornamental Chile,Capsicum annuum,BYB_Recording_2024-02-19_19.03.24,31.27,5000.0,2,19.25,2.3342,13.4984,2,0,1,1.705,1.234,1.398,0.899,11.29,13.772,0.957,0.511,0.568,True,4671.3,1478.8,0.317,1.334,2.491,1.868,1.238,1.708,1.38,68.0,48.5,True,common_mode_high,19.25,2.835,6.790123456790123,1.4199999999997992,13.55633802817093
Ornamental Chile,Capsicum annuum,BYB_Recording_2024-02-19_19.07.47,40.41,5000.0,2,17.7,2.9086,14.6746,2,0,1,2.823,2.697,1.044,0.404,6.27,16.948,0.413,0.197,0.489,True,1687.9,730.1,0.433,1.519,2.054,1.352,1.216,1.341,1.103,72.7,91.1,True,xcorr_peak_leader_disagree,17.7,7.349,2.4084909511498163,-1.4600000000001394,12.12328767123172
Ornamental Chile,Capsicum annuum,BYB_Recording_2024-02-19_19.10.37,36.77,5000.0,2,26.95,3.1714,10.7526,2,0,1,7.499,5.676,7.012,0.772,3.594,3.843,0.942,-0.042,0.055,True,13573.5,679.5,0.05,1.573,4.059,2.581,0.441,2.264,5.131,128.2,12.8,True,common_mode_high,26.95,4.538,5.938739532833847,7.01999999999968,3.839031339031514
Ornamental Chile,Capsicum annuum,BYB_Recording_2024-02-19_19.17.58,30.68,5000.0,2,18.5,2.7872,14.479,2,0,1,4.598,4.07,4.475,0.593,4.023,4.134,0.942,-0.103,0.175,True,6148.4,449.5,0.073,0.879,1.936,2.202,0.361,0.889,2.463,58.4,12.5,True,common_mode_high,18.5,2.279,8.117595436594998,4.479999999999734,4.129464285714531
Ornamental Chile,Capsicum annuum,BYB_Recording_2024-02-22_17.57.13,40.06,5000.0,2,26.03,3.2194,20.0178,2,0,1,4.351,4.587,4.451,0.951,5.983,5.848,0.438,-0.058,0.061,True,3873.3,1716.7,0.443,2.139,2.666,1.246,2.074,1.837,0.886,141.4,265.9,True,,26.03,4.318,6.028253821213526,4.459999999999734,5.836322869955505
Ornamental Chile,Capsicum annuum,BYB_Recording_2024-02-22_18.00.13,34.78,5000.0,2,19.54,4.8602,10.769,2,0,1,3.672,2.521,3.292,0.889,5.321,5.935,0.902,0.226,0.255,True,5896.5,1136.3,0.193,1.855,3.043,1.64,1.089,2.24,2.058,353.4,156.3,True,common_mode_high,19.54,3.64,5.368131868131868,3.3199999999997587,5.885542168675126
Ornamental Chile,Capsicum annuum,BYB_Recording_2024-02-23_19.53.15,39.05,5000.0,2,21.54,2.87,13.9162,2,0,1,0.306,-0.444,2.354,0.411,70.438,9.149,-0.448,-0.283,0.689,True,-729.6,1069.5,1.466,1.293,2.164,1.674,0.812,1.562,1.924,54.0,14.1,True,xcorr_peak_leader_disagree;polarity_mismatch,21.54,1.798,11.979977753058954,-3.360000000000099,6.410714285714096
Ornamental Chile,Capsicum annuum,BYB_Recording_2024-02-23_19.55.48,41.28,5000.0,2,24.41,5.8048,15.11,2,0,1,15.788,12.514,9.567,0.6,1.546,2.552,0.251,-0.395,0.658,True,2790.6,356.3,0.128,0.566,4.966,8.778,0.267,3.542,13.247,131.6,29.9,True,,24.41,9.041,2.6999225749364006,7.999999999999659,3.05125000000013
Ornamental Chile,Capsicum annuum,BYB_Recording_2024-02-23_19.59.02,39.39,5000.0,2,14.12,5.3128,14.8348,2,0,1,1.728,2.336,1.774,0.878,8.172,7.959,-0.641,-0.051,0.059,True,8188.3,1360.6,0.166,1.267,1.143,0.902,1.264,0.656,0.519,236.0,106.3,True,,14.12,1.692,8.3451536643026,1.759999999999792,8.02272727272822
Ornamental Chile,Capsicum annuum,BYB_Recording_2024-02-23_20.04.22,40.59,5000.0,2,23.63,5.0998,13.7342,2,0,1,14.248,10.142,13.916,0.426,1.659,1.698,0.983,0.052,0.122,True,2132.2,372.5,0.175,1.076,7.106,6.602,0.554,4.66,8.412,52.3,21.0,True,common_mode_high,23.63,8.829,2.676407294144297,7.999999999999659,2.953750000000126
Rosemary,Salvia rosmarinus,BYB_Recording_2024-02-15_21.13.19,31.58,5000.0,2,11.72,0.7916,11.071,2,1,0,2.948,4.148,4.519,0.796,3.976,2.594,0.961,0.171,0.214,True,775.2,2553.5,3.294,0.366,2.705,7.39,2.96,1.76,0.595,103.6,551.6,True,common_mode_high,11.72,5.016,2.3365231259968104,4.599999999999731,2.5478260869566705
Rosemary,Salvia rosmarinus,BYB_Recording_2024-02-15_21.20.04,32.41,5000.0,2,26.7,1.2432,15.3868,2,0,1,9.714,9.784,9.804,0.771,2.748,2.723,0.76,-0.186,0.24,True,3349.2,417.7,0.125,2.061,2.128,1.032,1.7,1.631,0.959,159.6,36.1,True,common_mode_high,26.7,9.983,2.674546729440048,5.839999999999705,4.571917808219409
Rosemary,Salvia rosmarinus,BYB_Recording_2024-02-15_21.27.05,35.17,5000.0,2,7.96,3.7788,14.5958,2,1,0,7.169,6.557,2.365,0.577,1.11,3.366,0.449,0.268,0.464,True,-228.8,2098.1,9.169,0.315,1.835,5.817,0.587,1.199,2.043,16.8,98.7,True,xcorr_peak_leader_disagree;polarity_mismatch,7.96,2.859,2.7841902763203916,-2.660000000000114,2.99248120300739
Rosemary,Salvia rosmarinus,BYB_Recording_2024-02-19_19.56.50,31.35,5000.0,2,16.01,5.2162,18.6502,2,0,1,4.469,3.112,3.775,0.905,3.583,4.242,0.936,0.023,0.026,True,2800.5,2414.4,0.862,2.107,2.966,1.407,1.059,2.416,2.281,96.6,115.0,True,common_mode_high,16.01,4.335,3.6931949250288354,3.819999999999748,4.191099476440067
Rosemary,Salvia rosmarinus,BYB_Recording_2024-02-23_19.35.51,40.86,5000.0,2,13.19,3.1062,11.519,2,0,1,0.815,0.909,0.672,0.642,16.176,19.64,-0.221,0.529,0.825,True,1262.3,515.6,0.408,2.033,1.546,0.76,1.401,1.307,0.933,161.0,103.5,True,,13.19,0.887,14.870349492671927,0.5599999999998175,23.5535714285791
Rosemary,Salvia rosmarinus,BYB_Recording_2024-02-26_18.50.08,40.41,5000.0,2,9.44,4.2558,13.8718,2,0,1,4.577,2.811,0.054,0.777,2.062,,0.727,0.773,0.994,False,1597.4,-668.0,0.418,1.104,2.435,2.205,0.976,2.742,2.81,21.5,15.5,True,delay_unresolved;common_mode_high;polarity_mismatch,9.44,0.728,12.967032967032967,5.239999999999718,
Rosemary,Salvia rosmarinus,BYB_Recording_2024-02-26_19.06.39,41.53,5000.0,2,16.32,5.3418,20.8506,2,0,1,1.081,4.412,0.542,0.824,15.097,30.133,0.999,0.814,0.988,False,677.0,501.7,0.741,3.936,1.563,0.397,4.677,1.346,0.288,2.6,2.1,False,delay_unresolved;common_mode_high;low_snr,16.32,6.826,2.39085848227366,,
Rosemary,Salvia rosmarinus,BYB_Recording_2024-02-26_19.10.25,41.12,5000.0,2,9.84,4.8636,10.1276,2,0,1,2.659,1.762,2.32,0.901,3.701,4.241,0.825,0.241,0.267,True,5560.1,1855.5,0.334,1.881,2.318,1.232,1.218,2.114,1.736,138.6,39.1,True,common_mode_high,9.84,1.185,8.30379746835443,2.3999999999997783,4.100000000000379
Rosemary,Salvia rosmarinus,BYB_Recording_2024-02-29_17.20.55,35.96,5000.0,2,,3.8842,11.972,2,0,1,0.916,0.58,0.732,0.952,,,0.361,0.735,0.772,True,9343.3,4041.3,0.433,1.781,1.604,0.901,0.858,1.195,1.392,201.7,50.0,True,,,,,0.8599999999998111,
Ruda,Ruta graveolens,BYB_Recording_2024-01-17_20.14.33,33.78,5000.0,2,14.88,6.6664,12.811,2,0,1,0.454,0.557,0.473,0.949,32.79,31.472,0.142,0.779,0.821,True,11237.8,4693.3,0.418,1.529,1.147,0.75,0.519,0.415,0.801,228.5,204.6,True,,14.88,0.436,34.12844036697248,0.4799999999998192,31.000000000011678
Ruda,Ruta graveolens,BYB_Recording_2024-02-05_19.17.48,36.88,5000.0,2,13.84,8.086,16.5238,2,0,1,1.533,0.858,1.382,0.738,9.026,10.016,0.785,0.69,0.935,True,8401.2,3178.2,0.378,0.559,1.251,2.239,0.509,1.184,2.329,34.9,55.1,True,common_mode_high,13.84,1.543,8.96953985742061,1.4999999999997975,9.226666666667912
Ruda,Ruta graveolens,BYB_Recording_2024-02-20_19.48.40,36.77,5000.0,2,15.21,6.6306,18.0144,2,0,1,2.526,1.751,2.116,0.677,6.022,7.189,-0.734,0.557,0.822,True,2523.3,1244.9,0.493,3.206,3.891,1.214,1.141,1.916,1.679,107.8,79.0,True,,15.21,2.662,5.713749060856499,2.31999999999978,6.556034482759243
Ruda,Ruta graveolens,BYB_Recording_2024-02-20_19.51.32,45.1,5000.0,2,17.36,5.3932,15.5906,2,0,1,2.299,1.54,2.01,0.863,7.551,8.639,0.792,0.384,0.445,True,4921.1,1562.3,0.317,2.131,4.033,1.892,1.196,1.955,1.635,212.7,180.4,True,common_mode_high,17.36,2.389,7.2666387609878615,2.1599999999997834,8.037037037037843
Ruda,Ruta graveolens,BYB_Recording_2024-02-20_19.54.12,40.44,5000.0,2,10.78,6.8376,18.8,2,0,1,1.23,1.044,0.969,0.91,8.763,11.123,-0.495,0.724,0.796,True,3197.0,696.9,0.218,2.749,2.74,0.997,1.466,1.652,1.127,214.5,37.8,True,,10.78,1.263,8.535233570863024,1.099999999999806,9.800000000001727
Ruda,Ruta graveolens,BYB_Recording_2024-02-20_19.57.31,40.14,5000.0,2,8.15,5.878,17.1242,2,0,1,1.002,0.742,0.859,0.793,8.13,9.49,0.629,0.621,0.784,True,2602.1,2423.6,0.931,0.865,2.027,2.343,0.588,0.849,1.443,207.2,162.8,True,common_mode_high,8.15,0.998,8.166332665330662,0.8799999999998107,9.26136363636563
Ruda,Ruta graveolens,BYB_Recording_2024-02-22_18.37.41,31.38,5000.0,2,8.39,6.2054,17.8488,2,0,1,4.166,1.615,3.149,0.805,2.014,2.665,0.757,0.124,0.155,True,4375.0,724.2,0.166,1.819,2.599,1.428,0.498,3.049,6.127,282.5,63.3,True,common_mode_high,8.39,3.965,2.116015132408575,3.2399999999997604,2.5895061728396978
Ruda,Ruta graveolens,BYB_Recording_2024-02-22_18.44.37,28.92,5000.0,2,8.99,5.7632,14.8224,2,0,1,2.014,1.672,2.945,0.562,4.463,3.053,0.938,-0.142,0.253,True,6209.0,506.1,0.082,1.209,4.127,3.414,1.291,1.634,1.265,175.3,48.7,True,common_mode_high,8.99,2.221,4.047726249437191,2.9199999999997672,3.078767123287917
Ruda,Ruta graveolens,BYB_Recording_2024-02-23_20.25.25,34.97,5000.0,2,7.11,6.5444,15.6128,2,0,1,0.716,0.508,0.49,0.847,9.925,14.51,0.981,0.813,0.96,True,2329.9,540.6,0.232,1.795,2.26,1.259,1.069,1.277,1.195,13.4,7.2,True,common_mode_high,7.11,0.687,10.349344978165938,1.1799999999998043,6.025423728814559
Ruda,Ruta graveolens,BYB_Recording_2024-02-29_16.58.27,33.86,5000.0,2,8.96,4.5134,12.4678,2,1,0,4.921,3.992,0.025,0.758,1.821,,0.914,0.756,0.998,False,1265.5,2794.9,2.209,0.609,0.838,1.375,0.249,1.178,4.731,73.5,68.6,True,delay_unresolved;common_mode_high,8.96,0.849,10.553592461719672,3.9399999999997455,2.2741116751270507
Ruda,Ruta graveolens,BYB_Recording_2024-03-04_19.50.01,41.94,5000.0,2,9.15,5.3108,10.631,2,0,1,0.652,0.445,0.499,0.922,14.029,18.344,0.96,0.878,0.953,True,4352.9,1694.3,0.389,2.02,7.627,3.776,0.728,0.935,1.284,35.4,24.2,True,common_mode_high,9.15,0.628,14.570063694267516,0.9399999999998094,9.734042553193463
Ruda,Ruta graveolens,BYB_Recording_2024-03-04_20.01.12,37.72,5000.0,2,11.66,4.8996,11.1032,2,0,1,4.039,1.157,4.016,0.611,2.887,2.904,0.73,-0.046,0.076,True,12516.7,675.8,0.054,0.939,7.116,7.58,0.674,3.557,5.275,145.7,46.3,True,common_mode_high,11.66,4.088,2.8522504892367904,4.059999999999743,2.871921182266192
Ruda,Ruta graveolens,BYB_Recording_2024-03-06_21.31.33,38.87,5000.0,2,10.3,3.2284,12.0978,2,0,1,0.838,0.571,0.65,0.978,12.297,15.841,0.08,0.779,0.797,True,6251.9,2748.6,0.44,1.904,2.17,1.139,0.649,0.916,1.411,135.1,136.6,True,,10.3,0.831,12.39470517448857,0.7199999999998141,14.30555555555925
Ruda,Ruta graveolens,BYB_Recording_2024-03-06_21.44.52,33.62,5000.0,2,9.32,5.2672,12.4918,2,0,1,1.209,0.828,0.319,0.883,7.71,29.198,0.965,0.872,0.988,False,2325.0,1468.6,0.632,10.892,3.497,0.321,1.093,1.474,1.349,72.9,62.0,True,delay_unresolved;common_mode_high,9.32,0.955,9.759162303664922,0.5199999999998184,17.923076923083183
Sensitive Mimosa,Mimosa pudica,BYB_Recording_2021-07-26_12.46.45,11.44,5000.0,2,40.0,,,0,1,0,0.919,0.231,0.485,0.89,43.516,82.406,0.962,0.714,0.802,True,9037.1,1475.6,0.163,1.248,1.829,1.465,0.468,1.156,2.47,25.7,8.7,True,common_mode_high,40.0,0.98,40.816326530612244,0.7999999999998124,50.00000000001173
Sensitive Mimosa,Mimosa pudica,BYB_Recording_2024-06-27_17.07.10,34.15,5000.0,2,21.6,,,0,1,0,1.052,0.985,1.009,0.937,20.528,21.416,0.915,-0.054,0.058,True,6772.7,5490.2,0.811,0.734,0.749,1.021,0.321,0.388,1.209,2663.0,2137.0,True,common_mode_high,21.6,1.044,20.689655172413794,0.9999999999998082,21.600000000004144
Sensitive Mimosa,Mimosa pudica,BYB_Recording_2024-06-27_17.25.17,24.9,5000.0,2,14.8,,,0,1,0,1.292,1.264,1.264,0.939,11.455,11.707,0.472,0.103,0.11,True,6379.4,1473.0,0.231,0.976,0.956,0.98,0.485,0.513,1.057,973.9,469.4,True,,14.8,1.184,12.500000000000002,1.2799999999998022,11.562500000001789
Sensitive Mimosa,Mimosa pudica,BYB_Recording_2024-06-27_17.42.19,46.09,5000.0,2,15.9,,,0,1,0,1.438,1.531,1.467,0.926,11.059,10.84,0.982,-0.061,0.066,True,3219.1,1466.0,0.455,0.866,0.77,0.889,0.502,0.409,0.815,477.4,840.5,True,common_mode_high,15.9,1.339,11.874533233756535,1.4599999999997983,10.890410958905614
Sensitive Mimosa,Mimosa pudica,BYB_Recording_2024-06-27_18.31.29,21.91,5000.0,2,13.9,,,0,1,0,1.22,1.301,1.296,0.856,11.393,10.725,0.965,0.064,0.075,True,5682.1,1100.5,0.194,0.79,0.707,0.896,0.418,0.338,0.807,2642.6,867.5,True,common_mode_high,13.9,1.104,12.590579710144926,1.2999999999998018,10.692307692309322
Sensitive Mimosa,Mimosa pudica,BYB_Recording_2024-06-27_18.48.14,30.31,5000.0,2,9.5,,,0,0,1,12.168,12.382,12.267,0.717,0.781,0.774,0.921,0.549,0.767,True,239.1,3391.9,14.184,1.065,0.603,0.566,0.482,0.267,0.554,213.1,169.9,True,common_mode_high,9.5,0.374,25.40106951871658,0.3999999999998209,23.750000000010637
Sensitive Mimosa,Mimosa pudica,BYB_Recording_2024-06-27_19.01.26,24.25,5000.0,2,15.3,,,0,0,1,1.01,1.017,0.985,0.901,15.146,15.536,0.356,0.173,0.193,True,1231.2,4345.5,3.529,0.76,0.691,0.91,0.346,0.339,0.98,579.0,1251.2,True,,15.3,0.934,16.38115631691649,0.9999999999998082,15.300000000002935
Sensitive Mimosa,Mimosa pudica,BYB_Recording_2024-06-27_19.15.52,25.82,5000.0,2,14.1,,,0,0,1,0.611,0.662,0.686,0.933,23.069,20.566,0.87,0.047,0.05,True,890.6,4102.9,4.607,0.457,0.654,1.429,0.374,0.323,0.863,190.6,357.4,True,common_mode_high,14.1,0.636,22.169811320754715,0.679999999999815,20.7352941176527
Sensitive Mimosa,Mimosa pudica,BYB_Recording_2024-06-27_19.57.29,20.05,5000.0,2,15.5,,,0,0,1,0.443,0.531,0.441,0.968,34.989,35.131,-0.367,0.586,0.606,True,990.9,4507.8,4.549,0.796,0.737,0.926,0.487,0.399,0.82,677.7,1363.8,True,,15.5,0.483,32.091097308488614,0.3799999999998213,40.7894736842297
Sensitive Mimosa,Mimosa pudica,BYB_Recording_2024-07-08_16.06.58,32.74,5000.0,2,15.9,,,0,0,1,1.463,1.049,0.007,0.832,10.865,,0.962,0.832,1.0,False,-3230.0,2665.9,0.825,0.601,1.261,2.097,0.336,0.75,2.233,298.7,271.4,True,delay_unresolved;common_mode_high;polarity_mismatch,15.9,0.211,75.35545023696683,1.7399999999997924,9.137931034483849
Sensitive Mimosa,Mimosa pudica,BYB_Recording_2024-07-08_17.02.56,34.04,5000.0,2,15.23,,,0,1,0,2.034,1.92,1.963,0.965,7.489,7.76,0.978,-0.019,0.02,True,8976.6,11827.5,1.318,1.001,1.118,1.118,0.55,0.663,1.206,1527.1,1954.8,True,common_mode_high,15.23,0.316,48.19620253164557,1.959999999999788,7.770408163266148
Sensitive Mimosa,Mimosa pudica,BYB_Recording_2024-07-08_17.19.08,25.1,5000.0,2,15.5,,,0,0,1,0.165,0.051,0.087,0.986,,,0.971,0.973,0.987,False,1700.0,3165.1,1.862,0.973,1.091,1.121,0.364,0.478,1.314,172.6,474.3,False,delay_unresolved;common_mode_high;near_synchronous,15.5,0.241,64.31535269709543,,
Sensitive Mimosa,Mimosa pudica,BYB_Recording_2024-07-10_12.31.11,58.86,42661.0,2,15.64,,,0,0,1,2.384,2.052,0.094,0.597,6.56,,0.91,0.586,0.981,False,192.0,374.9,1.952,0.732,1.367,1.868,0.473,0.805,1.701,272.8,1926.4,True,delay_unresolved;common_mode_high,15.64,0.341,45.86510263929618,2.597266824500186,6.021714770491374
Sensitive Mimosa,Mimosa pudica,BYB_Recording_2024-07-10_12.56.35,28.93,42661.0,2,14.21,,,0,0,1,13.07,13.042,0.12,0.465,1.087,,0.969,0.454,0.977,False,1121.7,-2546.8,2.27,0.898,1.634,1.819,0.612,0.64,1.045,4029.7,13049.0,True,delay_unresolved;common_mode_high;polarity_mismatch,14.21,0.216,65.78703703703704,-0.1020369892875967,139.2632230646119
Sensitive Mimosa,Mimosa pudica,BYB_Recording_2024-07-11_11.28.52,29.96,42661.0,2,18.02,,,0,1,0,1.711,1.857,1.756,0.949,10.53,10.263,0.928,0.071,0.075,True,824.5,811.8,0.985,0.86,0.678,0.789,0.54,0.395,0.73,2822.6,6299.9,True,common_mode_high,18.02,0.335,53.7910447761194,1.7574834157662096,10.253297321809336
Sensitive Mimosa,Mimosa pudica,BYB_Recording_2024-07-11_11.50.12,26.95,42661.0,2,12.42,,,0,0,1,0.877,1.621,0.865,0.939,14.16,14.36,-0.417,0.24,0.256,True,829.8,1138.8,1.372,1.025,0.795,0.775,1.256,0.512,0.407,3293.9,1836.3,True,,12.42,0.859,14.458672875436553,0.7777361055765688,15.969427047227706
Sensitive Mimosa,Mimosa pudica,BYB_Recording_2024-07-11_12.37.51,18.56,42661.0,2,13.13,,,0,0,1,0.949,0.92,0.942,0.928,13.83,13.944,0.993,0.506,0.545,True,1045.9,1075.5,1.028,0.711,0.736,1.034,0.385,0.415,1.076,2366.1,2720.2,True,common_mode_high,13.13,0.942,13.938428874734608,0.9776845362275176,13.429689755208026
Sensitive Mimosa,Mimosa pudica,BYB_Recording_2024-07-11_13.14.26,56.77,42661.0,2,14.6,,,0,1,0,1.837,1.51,1.715,0.59,7.949,8.512,0.848,0.138,0.235,True,672.2,681.3,1.014,0.757,1.016,1.343,0.383,0.709,1.853,2307.2,1694.7,True,common_mode_high,14.6,1.887,7.737148913619501,1.737488572701114,8.402932962777832
Tomato,Solanum lycopersicum,BYB_Recording_2024-02-03_21.26.23,30.96,5000.0,2,6.24,7.7,14.6168,2,0,1,0.328,0.215,0.148,0.816,19.001,,0.828,0.79,0.969,False,3193.7,2573.7,0.806,1.224,1.019,0.832,0.616,0.73,1.184,83.5,76.9,True,delay_unresolved;common_mode_high,6.24,0.391,15.959079283887467,-5.720000000000049,1.0909090909090815
Tomato,Solanum lycopersicum,BYB_Recording_2024-02-03_21.30.34,31.71,5000.0,2,10.08,8.2612,19.1276,2,0,1,0.681,0.542,0.606,0.741,14.793,16.628,-0.096,0.694,0.936,True,4089.1,1264.7,0.309,1.303,1.33,1.021,0.696,0.835,1.201,7.6,4.9,True,,10.08,0.694,14.52449567723343,1.0799999999998064,9.333333333335004
Tomato,Solanum lycopersicum,BYB_Recording_2024-02-06_19.19.43,38.07,5000.0,2,10.6,7.8002,17.2956,2,1,0,1.196,1.21,1.257,0.679,8.86,8.43,0.634,0.22,0.324,True,2478.4,2299.9,0.928,1.898,1.945,1.025,0.851,0.837,0.984,134.9,6.8,True,common_mode_high,10.6,1.078,9.833024118738404,1.2799999999998022,8.281250000001279
Tomato,Solanum lycopersicum,BYB_Recording_2024-02-06_20.01.08,21.89,5000.0,2,10.8,5.5392,,1,0,1,0.838,0.168,0.784,0.554,12.888,13.776,0.963,0.393,0.711,True,5978.9,1490.2,0.249,0.621,0.982,1.582,0.286,0.955,3.345,50.8,37.0,True,common_mode_high,10.8,0.867,12.456747404844291,-4.380000000000077,2.465753424657491
Tomato,Solanum lycopersicum,BYB_Recording_2024-02-12_20.26.05,41.29,5000.0,2,8.04,7.2066,16.255,2,0,1,4.982,3.736,4.842,0.733,1.614,1.661,0.824,0.211,0.287,True,3945.6,1734.0,0.439,0.983,2.347,2.387,0.436,1.682,3.859,76.7,95.0,True,common_mode_high,8.04,5.023,1.6006370694803902,4.839999999999726,1.6611570247934822
Tomato,Solanum lycopersicum,BYB_Recording_2024-02-19_18.44.04,42.89,5000.0,2,9.19,0.4528,8.135,2,1,0,1.767,1.785,1.473,0.706,5.202,6.237,0.996,0.338,0.479,True,1652.6,2001.8,1.211,4.301,4.368,1.016,2.719,2.7,0.993,61.1,59.9,True,common_mode_high,9.19,1.89,4.862433862433862,1.1199999999998056,8.205357142858567
Tomato,Solanum lycopersicum,BYB_Recording_2024-06-26_23.32.41,17.86,5000.0,2,,3.3554,14.2668,2,0,1,2.23,1.566,2.316,0.877,,,-0.019,-0.155,0.177,True,9683.4,2207.0,0.228,0.915,1.441,1.575,0.769,1.433,1.864,405.2,57.5,True,,,,,2.31999999999978,
Tomato,Solanum lycopersicum,BYB_Recording_2024-06-26_23.54.25,19.49,5000.0,2,,2.6448,9.4334,2,0,1,2.329,0.872,0.053,0.589,,,0.543,0.588,0.999,False,2095.9,2395.8,1.143,0.918,2.814,3.066,0.643,2.1,3.267,62.0,41.2,True,delay_unresolved,,,,1.2799999999998022,
Tomato,Solanum lycopersicum,BYB_Recording_2024-06-27_00.22.45,21.92,5000.0,2,,5.0902,11.7944,2,0,1,1.463,0.969,1.239,0.754,,,0.975,0.507,0.672,True,1475.4,4175.9,2.83,0.892,2.434,2.729,1.111,1.604,1.445,11.9,29.2,True,common_mode_high,,,,1.4599999999997983,
Tomato,Solanum lycopersicum,BYB_Recording_2024-06-27_00.38.23,22.66,5000.0,2,,4.3728,10.9472,2,0,1,7.999,5.676,7.566,0.295,,,0.923,-0.117,0.397,True,4435.4,4475.7,1.009,1.01,3.592,3.557,0.556,2.88,5.175,49.6,35.9,False,common_mode_high;low_waveform_similarity,,,,,
Tomato,Solanum lycopersicum,BYB_Recording_2024-07-05_16.48.00,28.58,5000.0,2,10.4,4.556,15.4686,2,0,1,3.684,2.348,3.394,0.685,2.823,3.064,0.428,0.022,0.032,True,6971.3,3093.0,0.444,2.515,5.959,2.37,1.535,2.871,1.87,52.9,19.3,True,,10.4,,,3.639999999999752,2.857142857143052
Tomato,Solanum lycopersicum,BYB_Recording_2024-07-05_16.51.56,34.53,5000.0,2,10.5,4.6464,17.3816,2,0,1,1.15,0.741,0.986,0.92,9.132,10.651,0.938,0.654,0.711,True,4048.9,3539.4,0.874,1.765,2.318,1.313,0.815,1.224,1.501,13.1,15.0,True,common_mode_high,10.5,,,1.2199999999998037,8.606557377050567
Tomato,Solanum lycopersicum,BYB_Recording_2024-07-09_15.12.30,30.39,42661.0,2,,9.6666,,1,0,1,0.867,0.528,0.542,0.978,,,-0.293,0.913,0.934,True,82.4,97.0,1.177,2.754,2.379,0.864,1.442,1.781,1.235,306.1,48.6,True,,,,,0.7377464194463812,
Tomato,Solanum lycopersicum,BYB_Recording_2024-07-10_11.32.51,28.21,42661.0,2,,7.2601,,1,0,1,3.022,2.633,2.924,0.842,,,0.952,0.391,0.465,True,95.8,129.4,1.352,2.332,3.247,1.392,1.97,2.358,1.197,46.4,27.7,True,common_mode_high,,,,3.03715337193227,
Venus Flytrap,Dionaea muscipula,BYB_Recording_2024-01-28_16.49.19,39.72,5000.0,2,13.36,4.643,7.289,2,0,1,0.507,0.236,0.406,0.641,26.372,32.874,-0.728,0.366,0.572,True,2578.6,495.7,0.192,0.602,0.683,1.135,0.316,0.587,1.858,228.2,10.7,True,,13.36,0.504,26.507936507936506,0.4999999999998188,26.72000000000968
Venus Flytrap,Dionaea muscipula,BYB_Recording_2024-05-16_22.38.00,20.88,5000.0,2,12.41,,,0,0,1,0.219,0.257,0.538,0.874,56.615,23.084,0.859,0.276,0.316,True,1808.1,-13255.7,7.331,0.534,1.388,2.601,0.392,0.354,0.903,13.6,290.0,True,xcorr_peak_leader_disagree;common_mode_high;polarity_mismatch,12.41,0.404,30.717821782178216,-0.4200000000001616,29.54761904760768
Venus Flytrap,Dionaea muscipula,BYB_Recording_2024-05-21_00.22.52,18.76,5000.0,2,9.36,,,0,0,1,0.115,0.072,0.593,0.829,,15.779,-0.71,0.07,0.085,True,3793.7,-8978.0,2.367,0.439,1.291,2.941,0.304,0.347,1.142,76.3,1484.0,False,xcorr_peak_leader_disagree;polarity_mismatch;near_synchronous,9.36,0.076,123.1578947368421,,
Venus Flytrap,Dionaea muscipula,BYB_Recording_2024-05-22_23.31.14,15.71,5000.0,2,14.25,,,0,1,0,0.491,0.417,0.452,0.877,29.022,31.499,0.13,0.419,0.477,True,13634.7,1620.2,0.119,0.398,0.423,1.062,0.27,0.343,1.273,794.2,45.6,True,,14.25,0.518,27.509652509652508,0.4399999999998201,32.38636363637688
Venus Flytrap,Dionaea muscipula,BYB_Recording_2024-05-22_23.36.51,12.87,5000.0,2,9.68,,,0,1,0,0.268,0.238,0.303,0.914,36.173,31.947,0.975,0.518,0.567,True,9325.8,4971.1,0.533,0.25,0.339,1.357,0.205,0.234,1.143,317.2,17.1,True,common_mode_high,9.68,0.186,52.04301075268817,0.2999999999998231,32.266666666685694
Venus Flytrap,Dionaea muscipula,BYB_Recording_2024-05-23_22.13.46,20.38,5000.0,2,13.12,,,0,1,0,0.561,0.35,0.301,0.948,23.395,43.588,0.379,0.648,0.684,True,-10033.6,-4782.3,0.477,1.455,1.306,0.898,0.222,0.433,1.952,986.8,74.8,True,,13.12,0.2018,65.01486620416253,0.2999999999998231,43.73333333335912
Venus Flytrap,Dionaea muscipula,BYB_Recording_2024-05-25_20.35.34,16.5,5000.0,2,17.8,,,0,1,0,1.665,1.32,0.381,0.949,10.693,46.719,0.787,0.695,0.732,True,6751.6,-1429.5,0.212,0.589,2.371,4.025,0.384,0.729,1.896,369.7,18.1,True,common_mode_high;polarity_mismatch,17.8,0.43,41.395348837209305,0.4599999999998196,38.69565217392822
Venus Flytrap,Dionaea muscipula,BYB_Recording_2024-05-27_22.48.45,21.82,5000.0,2,8.64,,,0,1,0,0.335,0.248,0.379,0.938,25.76,22.809,-0.392,0.31,0.331,True,5871.0,5512.2,0.939,0.371,0.512,1.381,0.268,0.355,1.325,265.6,208.6,True,,8.64,0.342,25.263157894736842,0.3799999999998213,22.736842105273848
Venus Flytrap,Dionaea muscipula,BYB_Recording_2024-05-29_00.04.58,16.27,5000.0,2,12.42,,,0,0,1,0.246,0.282,0.259,0.729,50.57,47.991,0.254,0.183,0.252,True,1747.5,-3651.9,2.09,0.35,0.478,1.364,0.262,0.226,0.862,32.5,129.1,True,xcorr_peak_leader_disagree;polarity_mismatch,12.42,0.283,43.88692579505301,0.019999999999829,
Venus Flytrap,Dionaea muscipula,BYB_Recording_2024-05-29_00.16.30,19.43,5000.0,2,11.06,,,0,1,0,0.441,0.326,0.449,0.934,25.102,24.654,-0.621,0.359,0.384,True,5537.3,3216.0,0.581,0.436,0.557,1.278,0.313,0.428,1.366,664.4,45.4,True,,11.06,0.218,50.73394495412844,0.3999999999998209,27.65000000001238
Venus Flytrap,Dionaea muscipula,BYB_Recording_2024-05-30_01.09.15,18.05,5000.0,2,,,,0,1,0,0.251,0.161,0.22,0.926,,,0.674,0.765,0.826,True,7930.3,2008.6,0.253,0.462,0.569,1.232,0.299,0.39,1.302,532.9,36.5,True,common_mode_high,,,,0.1999999999998252,
Venus Flytrap,Dionaea muscipula,BYB_Recording_2024-06-01_21.44.30,19.6,5000.0,2,,,,0,1,0,0.282,0.235,0.292,0.853,,,0.39,0.566,0.663,True,2678.0,2060.7,0.769,0.366,0.425,1.162,0.262,0.309,1.178,69.3,23.4,True,,,,,0.3199999999998226,
Venus Flytrap,Dionaea muscipula,BYB_Recording_2024-06-02_21.01.38,24.14,5000.0,2,9.86,,,0,1,0,0.161,0.085,0.14,0.914,,,0.544,0.823,0.9,False,2689.2,4689.4,1.744,0.423,0.485,1.147,0.269,0.345,1.282,699.9,13.8,False,delay_unresolved;near_synchronous,9.86,0.267,36.92883895131086,,
Venus Flytrap,Dionaea muscipula,BYB_Recording_2024-07-03_11.24.59,29.02,42661.0,2,6.5,,,0,1,0,3.911,4.314,0.795,0.435,1.662,8.181,-0.946,-0.496,1.14,False,-84.5,477.6,5.654,0.547,0.435,0.796,0.673,0.269,0.4,54.1,832.2,True,delay_unresolved;polarity_mismatch,6.5,0.286,22.72727272727273,-0.082042146222502,
Venus Flytrap,Dionaea muscipula,BYB_Recording_2025-01-10_17.18.20_Venus_11 mm_2record,35.77,42661.0,2,11.0,,,0,1,0,2.53,2.64,2.321,0.409,4.347,4.739,0.577,-0.259,0.633,True,-102.4,442.4,4.322,0.555,0.394,0.709,0.347,0.238,0.685,117.6,959.1,True,xcorr_peak_leader_disagree;polarity_mismatch,11.0,0.277,39.71119133574007,-0.0220576170272179,
Venus Flytrap,Dionaea muscipula,BYB_Recording_2025-01-10_17.49.47_Venus_7.5_2mm_record,39.16,42661.0,2,7.5,,,0,0,1,0.259,0.136,0.323,0.804,28.971,23.231,-0.511,0.538,0.67,True,-353.2,-106.9,0.303,0.59,0.636,1.078,0.262,0.385,1.468,389.7,510.6,True,,7.5,0.443,16.93002257336343,0.3778392442746749,19.84971152056344
Venus Flytrap,Dionaea muscipula,BYB_Recording_2025-01-14_17.17.22-13 mm,28.67,42661.0,2,13.0,,,0,0,1,8.356,8.235,0.145,0.944,1.556,,0.976,0.883,0.935,False,225.8,389.6,1.726,0.501,0.558,1.114,0.292,0.413,1.413,33.8,288.0,True,delay_unresolved;common_mode_high,13.0,0.322,40.37267080745342,-0.1620215184828808,80.23625578705818
Venus Flytrap,Dionaea muscipula,BYB_Recording_2025-01-14_17.31.14 -11 mm,29.76,42661.0,2,11.0,,,0,1,0,6.888,6.566,0.485,0.964,1.597,22.685,0.83,0.564,0.585,True,1526.0,250.2,0.164,0.652,0.994,1.524,0.331,0.653,1.973,513.6,39.2,True,common_mode_high,11.0,0.659,16.69195751138088,0.5577928318605281,19.72058329130781
