species,recording,distance_mm,a,b,tau,delayed_fraction,r2_active,r2_passive,delay_resolved2,cv_2tap
Argentian Dollar,BYB_Recording_2024-02-15_21.34.38,6.25,-0.002272703880859531,0.14026984376240084,2.6799999999997723,0.9840559614063626,0.14491183159495136,0.7281387826713572,True,2.332089552239004
Argentian Dollar,BYB_Recording_2024-02-28_18.04.24,8.85,0.13510418200167512,0.2943913358473919,1.7799999999997915,0.6854351759518168,0.8195426752067152,0.7759633595044382,True,4.971910112360133
Argentian Dollar,BYB_Recording_2024-02-28_18.09.31,9.32,0.037185148326399194,0.02661629200382005,0.9999999999998082,0.4171738422527959,0.4087337428676707,0.34068931376807465,True,9.320000000001789
Argentian Dollar,BYB_Recording_2024-02-29_18.32.58,11.47,0.09460013852853723,0.3271135386178063,5.779999999999706,0.7756768545694832,0.07851095917683526,0.2810723718911099,True,1.9844290657440455
Argentian Dollar,BYB_Recording_2024-03-06_22.07.54,9.6,0.5984708413936306,0.7952714643535671,1.2199999999998035,0.5706015101028413,0.8073890113656271,0.8189309654860002,True,7.868852459017661
Argentian Dollar,BYB_Recording_2024-03-06_22.10.49,9.88,0.004277046991994847,0.05665923450924046,7.999999999999659,0.9298111586951996,0.5709721665460181,0.01744872328532643,True,1.2350000000000527
Argentian Dollar,BYB_Recording_2024-03-15_21.39.34,13.1,-0.09366962749841787,-0.12166147568314749,5.279999999999717,0.564997224672014,0.26929685913167767,0.19673316430845456,True,2.481060606060739
Basil,BYB_Recording_2024-01-14_19.15.17,23.1,0.09798216885744092,0.39543507199707967,1.5399999999997966,0.8014212703882189,0.7568861082383923,0.66985122959068,True,15.000000000001982
Basil,BYB_Recording_2024-01-23_17.24.57,21.2,0.12593720962087634,0.6592851777163592,1.7199999999997928,0.8396158697818825,0.881285820089218,0.7543848483614586,True,12.325581395350321
Basil,BYB_Recording_2024-01-23_17.29.46,19.65,0.6214283273990071,-0.3813332469145026,4.65999999999973,0.38028306696490966,0.6760394856814709,0.36410693533587557,True,4.216738197425137
Basil,BYB_Recording_2024-01-24_20.37.33,16.07,0.07461088455800029,0.23283786957278496,1.7199999999997928,0.7573225340628258,0.7421300321921543,0.8968426370817221,True,9.34302325581508
Basil,BYB_Recording_2024-01-28_14.33.45,12.89,0.016994237584595354,0.07171160681128147,4.459999999999734,0.808420316605596,0.22547455892460422,0.07225365660828809,True,2.8901345291481544
Basil,BYB_Recording_2024-01-28_14.51.36,15.48,0.03138131186943149,-0.2284052740979482,-4.680000000000071,0.8792034940812075,0.05315033861361684,-0.17913248325252895,True,3.3076923076922577
Basil,BYB_Recording_2024-02-12_20.13.13,18.38,-0.1869997413469511,3.0699953284436754,-0.6200000000001573,0.9425851936094665,0.5116948208242326,0.18546325593686164,True,29.645161290315055
Basil,BYB_Recording_2024-02-19_18.33.59,6.86,0.43296632986725603,0.3803789040480252,-4.70000000000007,0.4676721374722481,0.4349977411795487,0.17608586318059471,True,1.4595744680850846
Basil,BYB_Recording_2024-02-23_19.15.06,9.86,-0.00796923750254269,0.18212791292581323,4.539999999999733,0.9580780801575132,0.46710919705030174,0.054337349344777075,True,2.1718061674010087
Basil,BYB_Recording_2024-02-26_19.20.30,7.41,0.017933736496360982,-0.08946461717972085,2.0199999999997864,0.833016653584375,0.1302573973812735,0.08358757478483281,True,3.668316831683556
Basil,BYB_Recording_2024-02-26_19.38.09,9.72,0.16311824106413136,0.04338192985714248,3.5199999999997544,0.21008181089439104,0.5534751712381015,0.4715189553979331,False,
Chilean Chile,BYB_Recording_2024-02-20_20.46.43,28.69,-0.024049608573127892,0.3663747110427654,3.3199999999997587,0.9384013562557058,0.8856294167798539,0.39283435689067725,True,8.64156626506087
Chilean Chile,BYB_Recording_2024-02-23_20.16.53,14.56,0.06931896237485642,1.155684059796058,4.619999999999731,0.943413231542881,0.6865385195465672,0.5529577614589591,True,3.1515151515153352
Chilean Chile,BYB_Recording_2024-02-26_20.31.22,13.4,0.04641928188338528,0.4768972921069325,1.2799999999998022,0.9112978946387353,0.7606929742660034,0.7206436459012892,True,10.468750000001618
Chilean Chile,BYB_Recording_2024-02-26_20.34.43,41.71,0.2636765203848006,-1.2224768541185176,2.179999999999783,0.8225778544069027,0.2286623683547404,0.11817876591879795,True,19.133027522937684
Chilean Chile,BYB_Recording_2024-03-11_20.19.30,26.13,0.04897350965451316,0.13519310186677488,2.039999999999786,0.7340804109389163,0.7811561688643056,0.7462569341876758,True,12.808823529413107
Chilean Chile,BYB_Recording_2024-03-11_20.24.33,24.72,0.0015457340318408988,0.2679303759589104,1.3599999999998005,0.9942639292518586,0.9174722658716036,0.8884954404879288,True,18.17647058823796
Chilean Chile,BYB_Recording_2024-03-11_20.27.38,11.69,-0.09143998420221094,0.6306919875357117,0.4399999999998201,0.8733749677608839,0.9119072235982304,0.8128944848231908,True,26.56818181819268
Chilean Chile,BYB_Recording_2024-03-11_20.31.48,23.08,0.2166034463487373,1.042693091382431,-1.5600000000001373,0.8279964727458201,0.291023005572846,0.022596988094997994,True,14.794871794870492
Chilean Chile,BYB_Recording_2024-03-11_20.34.42,18.34,0.17693324906514726,0.7387083523834418,1.099999999999806,0.8067658254220533,0.8196537614551527,0.6905838350186433,True,16.672727272730214
Creeping Inchplant,BYB_Recording_2024-02-05_19.37.45,,0.18634918785355506,0.4302995231622488,3.779999999999749,0.6978033286624689,0.755646786331961,0.6623959782121509,True,
Creeping Inchplant,BYB_Recording_2024-02-07_19.05.17,7.13,0.12632952384284524,0.27423777551940515,1.6399999999997945,0.6846234726499729,0.7188588504269144,0.6697096624498869,True,4.347560975610301
Creeping Inchplant,BYB_Recording_2024-02-19_19.26.20,12.43,0.03287917208148492,0.06869728598483625,2.499999999999776,0.6763110989751434,0.5897580311451939,0.825223979122242,True,4.972000000000445
Creeping Inchplant,BYB_Recording_2024-02-20_20.02.17,12.43,0.19250226690905564,0.31467090397015607,5.859999999999705,0.6204407528589442,0.7674741014825845,0.696078399840705,True,2.121160409556421
Creeping Inchplant,BYB_Recording_2024-02-20_20.07.25,7.99,-0.04853856167995693,0.13320067783195225,6.459999999999692,0.7329219500955585,0.5743980603271635,0.2569901564530833,True,1.236842105263217
Creeping Inchplant,BYB_Recording_2024-02-20_20.10.44,8.75,1.9555675502831102,4.337485041133106,-7.580000000000009,0.6892497683953058,0.5989297611380063,-0.042725468646913844,True,1.1543535620052756
Creeping Inchplant,BYB_Recording_2024-02-26_20.12.11,16.14,0.10886027014972459,0.11705703544246558,3.0599999999997642,0.5181410743883809,0.40245377888655054,0.5638527560118531,True,5.274509803921975
Creeping Inchplant,BYB_Recording_2024-02-28_18.46.50,12.82,1.0452919140646264,1.9050871094722999,-2.880000000000109,0.6457092781213154,0.42385678361800994,0.2595443090908188,True,4.4513888888887205
Creeping Inchplant,BYB_Recording_2024-02-28_18.55.01,9.39,-4.717880177744211,7.445730628093385,-2.38000000000012,0.6121316068843643,0.4656214732239097,0.061435969694386916,True,3.945378151260306
Creeping Inchplant,BYB_Recording_2024-02-29_17.41.48,12.91,0.09651867525802646,0.2037262852335274,1.9599999999997877,0.6785335710547534,-0.08568805820895076,0.5063564597368708,True,6.586734693878265
Creeping Inchplant,BYB_Recording_2024-03-04_20.35.25,13.42,0.7694762899405473,-2.580308204165046,-8.0,0.770290807873,0.2951192187141195,-0.027369412004363047,True,1.6775
Creeping Inchplant,BYB_Recording_2024-03-04_20.43.03,14.0,0.050365067844985206,0.2491965089706021,0.8799999999998107,0.8318707346236518,0.6844107645934973,0.6309236904265644,True,15.909090909094331
Creeping Inchplant,BYB_Recording_2024-03-04_20.50.21,16.51,0.04914872299341632,0.2463827915324111,1.099999999999806,0.8336938005671776,0.7324006208012148,0.7897484568694662,True,15.009090909093556
Creeping Inchplant,BYB_Recording_2024-03-06_21.56.45,18.42,0.03145758567122581,0.07807993756760993,4.099999999999742,0.7128145247301635,0.33895428763960256,0.3921527772396616,True,4.492682926829551
Creeping Inchplant,BYB_Recording_2024-03-06_21.59.50,10.94,2.038614102563484,3.6767469691493075,-0.8400000000001526,0.643309656733105,0.6973558500720803,0.29164099309273195,True,13.023809523807158
Hierbabuena,BYB_Recording_2024-02-22_17.13.41,10.83,0.0077843938496284905,0.15788837966923547,5.319999999999716,0.9530134391771855,0.6593283795785513,0.09867303384726078,True,2.0357142857143944
Hierbabuena,BYB_Recording_2024-02-22_17.17.23,8.37,0.2675263180480977,0.207805826919426,-1.4200000000001403,0.4371802519975248,0.45175999303589665,0.42872024183112944,True,5.894366197182515
Hierbabuena,BYB_Recording_2024-02-26_19.52.38,7.5,0.15782552578874173,0.5760491816805001,2.6799999999997723,0.784942137694047,0.612662908700844,0.4904806977253837,True,2.7985074626868047
Hierbabuena,BYB_Recording_2024-02-26_19.59.40,7.35,0.11287541365822201,0.2548073967460434,2.2399999999997817,0.6930087280008655,0.2720328682835572,0.19477941628372752,True,3.2812500000003197
Hierbabuena,BYB_Recording_2024-03-01_17.55.10,8.25,0.08969738486999329,0.34703429314127676,3.439999999999756,0.7946167191753867,0.8650124381277172,0.476894161312423,True,2.3982558139536585
Hierbabuena,BYB_Recording_2024-03-01_18.01.51,10.19,0.05720655082104356,0.2394405375902118,4.65999999999973,0.8071562032601665,0.8839405828628676,0.5651636678134502,True,2.1866952789700838
Hierbabuena,BYB_Recording_2024-03-01_18.08.05,7.8,-0.11354197331755161,0.31320020182814606,0.2999999999998231,0.7339330866962323,0.8310102140760085,0.7448544404914534,True,26.000000000015334
Hierbabuena,BYB_Recording_2024-03-04_20.20.54,8.83,0.04279141181542012,0.08149658281087695,4.099999999999742,0.6557076011719136,0.7041831701516423,0.3861822721293132,True,2.1536585365855014
Hierbabuena,BYB_Recording_2024-03-08_21.04.08,6.56,-0.2044013039068832,2.120906514592512,0.4199999999998205,0.9120970985945462,0.9616163473052385,0.8591472734147079,True,15.619047619054292
Hierbabuena,BYB_Recording_2024-03-08_21.12.27,8.1,0.11578089117290914,0.34232294578627764,2.1199999999997843,0.7472605950182769,0.81667796946413,0.9089768601862597,True,3.820754716981521
Hierbabuena,BYB_Recording_2024-03-08_21.18.08,7.32,-0.036739849707074966,0.43763856466174567,1.2599999999998026,0.9225515989045185,0.7442895773348563,0.874438909729135,True,5.80952380952472
Hierbabuena,BYB_Recording_2024-03-08_21.22.04,6.62,0.1614108472865233,0.533968027098261,0.39999999999982094,0.7678807147695899,0.9945465604371535,0.9571630002306872,True,16.550000000007408
Hierbabuena,BYB_Recording_2024-03-08_21.24.53,6.41,0.034762192034423316,0.3762186776750879,0.3599999999998218,0.9154165203382973,0.9925580714265491,0.9668401781279303,True,17.80555555556437
Hierbabuena,BYB_Recording_2024-03-08_21.27.40,5.72,0.10812538867750049,0.36240106297917013,0.9999999999998082,0.770203379009186,0.9597764650561105,0.9373029436256116,True,5.7200000000010975
Marijuana,BYB_Recording_2025-08-23_22.07.27-28.8mm,27.8,0.019955177615561873,1.3992411710467847,2.6599999999997728,0.9859391002278363,0.9245295276354708,0.5841215110992017,True,10.451127819549765
Marijuana,BYB_Recording_2025-08-23_22.55.19-22mm,22.0,0.2985584409565645,1.5888408498733098,1.619999999999795,0.8418149024389584,0.6353362166702767,0.5966372177620397,True,13.580246913581966
Marijuana,BYB_Recording_2025-08-23_23.19.28-21mm,21.0,0.14513307353520427,0.8457658011069349,5.239999999999718,0.8535339203128889,0.8781142897784887,0.530525840648117,True,4.007633587786476
Marijuana,BYB_Recording_2025-08-23_23.30.42-22mm,22.0,0.020033625535632586,0.5411988983701397,2.8999999999997677,0.9643042327693109,0.6642210652966914,0.4324592790520373,True,7.586206896552332
Marijuana,BYB_Recording_2025-08-23_23.44.45-26mm,26.0,-0.019218865587955547,0.4620417524289977,2.939999999999767,0.9600655759718146,0.6828623789772963,0.5414857351888039,True,8.843537414966688
Marijuana,BYB_Recording_2025-09-13_01.03.00-23.11mm,23.1,0.2248428947146784,0.48093355466043886,7.999999999999659,0.6814247699625702,0.35221627009682177,0.06237366265333666,True,2.887500000000123
Marijuana,BYB_Recording_2025-09-13_01.21.52-16.78mm,16.8,0.011296019093543185,0.6921480285680703,5.959999999999702,0.9839418371210996,0.7407285890120908,0.46813545454186534,True,2.8187919463088655
Marijuana,BYB_Recording_2025-09-13_01.45.23-24.26mm,24.3,-0.29479439402251173,0.9042472236949318,1.2999999999998018,0.7541416497421521,0.8547269266134193,0.7654720357782044,True,18.692307692310543
Marijuana,BYB_Recording_2025-09-15_00.20.12-21.09mm,21.1,0.0948362240059366,0.800596101577192,1.5599999999997962,0.8940888984053855,0.7318787612156494,0.6661290583057595,True,13.525641025642793
Marijuana,BYB_Recording_2025-09-15_00.27.51-21.09mm,18.1,-0.22864004819318426,2.0374502337552736,4.579999999999732,0.8991037338562734,0.2214089121611834,-0.060361565032627906,True,3.951965065502415
Marijuana,BYB_Recording_2025-09-15_00.38.35-16.49mm,16.5,-0.17007230132922393,1.03843450868057,7.999999999999659,0.8592707133128644,0.8168907207316385,0.14634605527386735,True,2.062500000000088
Marijuana,BYB_Recording_2025-09-15_00.47.20-16.06mm,16.1,0.05117949475846909,0.24736442968675088,5.419999999999714,0.8285696322456562,0.667859316427734,0.5774191548503819,True,2.970479704797205
Mint,BYB_Recording_2023-12-19_18.14.10,10.0,0.11037975966472867,0.5087026429575708,3.1999999999997613,0.8217042526210019,0.46331550031603397,0.4771837764567345,True,3.125000000000233
Mint,BYB_Recording_2024-01-26_19.52.38,27.11,0.025865876394740823,0.20847966700193737,4.479999999999734,0.8896250552929974,0.5429292827129623,0.3650993604358327,True,6.051339285714645
Mint,BYB_Recording_2024-01-26_20.00.04,22.39,0.10860364693905158,0.3108663558182962,4.379999999999736,0.7410931741837189,0.04539729956739913,-0.0502446764251776,True,5.11187214611903
Mint,BYB_Recording_2024-01-26_20.08.19,36.21,0.026538022642839054,0.2076737491845682,6.219999999999697,0.886692191277238,0.008704888373303743,-0.10033823958150712,True,5.821543408360412
Mint,BYB_Recording_2024-02-09_22.29.45,22.43,0.8786931880682155,3.6673961231031718,-8.0,0.8067144906482703,0.5245901696187079,-0.08357697003273334,True,2.80375
Mint,BYB_Recording_2024-02-12_19.02.16,35.22,-0.004471011653782648,0.12940569739609128,7.699999999999665,0.966603513893391,0.20924564889809572,0.03802244873001426,True,4.574025974026172
Mint,BYB_Recording_2024-02-12_20.19.02,30.82,0.1284618432254436,0.19134602970438624,7.999999999999659,0.598315569755752,0.23677544656581007,0.0072074257927782215,True,3.8525000000001643
Mint,BYB_Recording_2024-02-20_19.07.45,30.92,-5.377422962814964e-05,-0.06978957881530483,4.699999999999729,0.9992300737681714,0.0262237198603974,-0.014686344740198365,True,6.578723404255698
Mint,BYB_Recording_2024-02-20_19.11.24,42.25,1.3005757839072065,-1.4396886726531526,-1.3200000000001424,0.5253831137379645,-0.356846664758095,-0.46402169586401887,True,32.007575757572305
Mint,BYB_Recording_2024-02-20_19.19.15,9.54,0.03757083569488971,0.6404979640888251,0.9399999999998094,0.9445914106254796,0.6837497525836576,0.6958276041798211,True,10.148936170214823
Mint,BYB_Recording_2024-02-20_19.22.59,14.08,-0.003919799483440154,0.43549036057708623,2.3799999999997787,0.9910794063503214,0.803626810942915,0.8359448406701404,True,5.915966386555172
Mint,BYB_Recording_2024-02-20_19.26.22,11.56,-0.029782686381624113,0.2744577745212913,1.759999999999792,0.9021080684231282,0.6960715039854174,0.7466437328301139,True,6.568181818182595
Mint,BYB_Recording_2024-02-20_19.32.55,16.83,-0.018193835101407808,0.2040524508895317,3.679999999999751,0.9181366067815885,0.49646469324440623,0.7075427085971518,True,4.573369565217701
Mint,BYB_Recording_2024-02-20_19.38.46,19.74,0.02022481898159292,0.2032356095381485,7.399999999999672,0.9094926152448232,0.33272806753437556,0.32365121094353677,True,2.6675675675676858
Ornamental Chile,BYB_Recording_2024-02-07_19.42.39,11.93,0.014718315247714919,0.1981910711669191,2.1599999999997834,0.9308705196348108,0.782549752774554,0.7915742210406951,True,5.523148148148702
Ornamental Chile,BYB_Recording_2024-02-07_19.48.46,16.53,0.1316348216636407,0.9107071324586623,4.439999999999735,0.8737124403915193,0.5846760896324236,0.3584808610895531,True,3.7229729729731957
Ornamental Chile,BYB_Recording_2024-02-12_19.32.29,27.19,0.31278504891937803,0.50136387178094,5.899999999999704,0.6158134697883954,0.6493951542438332,0.42878912690998616,True,4.608474576271418
Ornamental Chile,BYB_Recording_2024-02-19_18.55.40,20.27,0.07944673038076482,0.23166233930229202,2.079999999999785,0.7446338338457912,0.6732125890208545,0.6886995103944041,True,9.745192307693314
Ornamental Chile,BYB_Recording_2024-02-19_18.58.46,24.14,-0.003646703558053665,0.01363923758341896,7.999999999999659,0.7890364471215019,-0.07492729670043308,-0.08654539299486164,True,3.017500000000129
Ornamental Chile,BYB_Recording_2024-02-19_19.03.24,19.25,0.025718815597666558,0.33808646673188225,1.4199999999997992,0.9293060962914512,0.8362174121397439,0.8337201901157812,True,13.55633802817093
Ornamental Chile,BYB_Recording_2024-02-19_19.07.47,17.7,0.08547100608743702,0.1675760542383984,-1.4600000000001394,0.6622327642242495,0.18350393583658764,0.012566943363390148,True,12.123287671231719
Ornamental Chile,BYB_Recording_2024-02-19_19.10.37,26.95,0.0024350673513503594,0.06263698130084455,7.01999999999968,0.9625789044330598,0.5699408204296476,0.12476659954495717,True,3.839031339031514
Ornamental Chile,BYB_Recording_2024-02-19_19.17.58,18.5,-0.009373665286543216,0.08864710003940865,4.479999999999734,0.9043706172322504,-0.15778292261303295,-0.34983358518425245,True,4.129464285714531
Ornamental Chile,BYB_Recording_2024-02-22_17.57.13,26.03,-0.04355713092320388,0.46747610224979697,4.459999999999734,0.9147665394425367,0.9180571949824834,0.41149403506681426,True,5.836322869955505
Ornamental Chile,BYB_Recording_2024-02-22_18.00.13,19.54,-0.018905575387589153,0.20772302689997035,3.3199999999997587,0.9165790407885026,0.779142357714209,0.5924440215051886,True,5.885542168675126
Ornamental Chile,BYB_Recording_2024-02-23_19.53.15,21.54,-0.3922008786295282,0.4311110623619401,-3.360000000000099,0.5236302802104112,0.19629342267795724,0.1555352150803988,True,6.410714285714096
Ornamental Chile,BYB_Recording_2024-02-23_19.55.48,24.41,-0.04335272961182402,0.10240691782923042,7.999999999999659,0.7025738579029154,0.38144687802819843,-0.08825091311521205,True,3.05125000000013
Ornamental Chile,BYB_Recording_2024-02-23_19.59.02,14.12,-0.026047630233319453,0.13867453436653243,1.759999999999792,0.8418693058302436,0.6979320207738677,0.5707065392958697,True,8.02272727272822
Ornamental Chile,BYB_Recording_2024-02-23_20.04.22,23.63,0.05756644920379632,0.10376189804578839,7.999999999999659,0.6431721381566158,-0.14008572937226926,-0.033065693697489795,True,2.953750000000126
Rosemary,BYB_Recording_2024-02-15_21.13.19,11.72,-0.09948702662529992,3.067916851276232,4.599999999999731,0.968590356500033,0.6972289938826731,0.49254175641286824,True,2.5478260869566705
Rosemary,BYB_Recording_2024-02-15_21.20.04,26.7,-0.036082383056209436,-0.07429743502799756,5.839999999999705,0.6731070617575872,0.1901670885784047,0.04539750360357531,True,4.571917808219409
Rosemary,BYB_Recording_2024-02-15_21.27.05,7.96,1.4142220017031428,4.133156207942364,-2.660000000000114,0.7450647948892031,0.4200929517902041,-0.0025376892305304377,True,2.9924812030073906
Rosemary,BYB_Recording_2024-02-19_19.56.50,16.01,0.15925722505675302,0.9803840777843903,3.819999999999748,0.86025671001944,0.8935104085409289,0.6775077056342291,True,4.191099476440067
Rosemary,BYB_Recording_2024-02-23_19.35.51,13.19,-0.10723938885075981,0.4115379875046893,0.5599999999998175,0.7932843764233796,0.40803867594069876,0.33713992997663655,True,23.5535714285791
Rosemary,BYB_Recording_2024-02-26_18.50.08,9.44,0.37771183132050545,-0.1384023681970826,5.239999999999718,0.2681622949464426,0.21819043466773347,0.17700255724030334,False,
Rosemary,BYB_Recording_2024-02-26_19.10.25,9.84,0.08221741501887643,0.352384303362754,2.3999999999997783,0.8108212380635825,0.8446448425734145,0.7323741168499212,True,4.100000000000379
Rosemary,BYB_Recording_2024-02-29_17.20.55,,0.08967505676759474,0.3488188509513179,0.8599999999998111,0.7954930383546421,0.9232622561010358,0.8544001011391271,True,
Ruda,BYB_Recording_2024-01-17_20.14.33,14.88,0.0143363893413005,0.38523965562405577,0.47999999999981924,0.9641209989389041,0.8981085690016332,0.7827332830489667,True,31.000000000011674
Ruda,BYB_Recording_2024-02-05_19.17.48,13.84,0.1871363442749489,0.25000132715279105,1.4999999999997975,0.5719052451742699,0.662204219018396,0.6082966450980671,True,9.226666666667912
Ruda,BYB_Recording_2024-02-20_19.48.40,15.21,0.16363787409949998,0.33978215953452007,2.31999999999978,0.6749476318646814,0.6403799525629019,0.6057727308739436,True,6.556034482759243
Ruda,BYB_Recording_2024-02-20_19.51.32,17.36,0.07792792110666037,0.390390106599668,2.1599999999997834,0.833600424292171,0.6992659545221662,0.8338432733320658,True,8.037037037037843
Ruda,BYB_Recording_2024-02-20_19.54.12,10.78,0.030110649296956928,0.1752727451878341,1.099999999999806,0.8533929708753223,0.8338358075759118,0.8003273410586285,True,9.800000000001727
Ruda,BYB_Recording_2024-02-20_19.57.31,8.15,-0.025577818869115462,0.7322127482282369,0.8799999999998107,0.9662468497502035,0.6467053703181799,0.601426402228163,True,9.26136363636563
Ruda,BYB_Recording_2024-02-22_18.37.41,8.39,0.028083907905502272,0.14647599681997917,3.2399999999997604,0.8391159301463418,0.5586225856795829,0.5007526768053621,True,2.5895061728396978
Ruda,BYB_Recording_2024-02-22_18.44.37,8.99,0.028481153656902417,0.10826594286139145,2.9199999999997672,0.7917238875116281,0.14892299250496865,0.8434248666924489,True,3.078767123287917
Ruda,BYB_Recording_2024-02-23_20.25.25,7.11,0.18392581686908832,0.16813235878559069,1.1799999999998043,0.47756981775223867,0.8003495428715433,0.7996953236649089,True,6.025423728814559
Ruda,BYB_Recording_2024-02-29_16.58.27,8.96,1.6219036934549846,0.780266306573672,3.9399999999997455,0.324817272118278,0.5052948204169647,0.30926728649899426,True,2.2741116751270507
Ruda,BYB_Recording_2024-03-04_19.50.01,9.15,0.2273968771605231,0.28609186560822597,0.9399999999998094,0.5571531404283737,0.8854063446371272,0.9058319959451153,True,9.734042553193463
Ruda,BYB_Recording_2024-03-04_20.01.12,11.66,0.015432223961440509,0.09328272605684632,4.059999999999743,0.8580487416050445,0.12614373180468963,0.8980018777600596,True,2.871921182266192
Ruda,BYB_Recording_2024-03-06_21.31.33,10.3,0.056961543339550176,0.41152784649188,0.7199999999998141,0.8784144431530332,0.9752500208232084,0.9510381075495368,True,14.30555555555925
Ruda,BYB_Recording_2024-03-06_21.44.52,9.32,0.04395691678672358,0.32852102464996225,0.5199999999998184,0.8819878658661578,0.8053074735019197,0.7637312383379171,True,17.923076923083183
Sensitive Mimosa,BYB_Recording_2021-07-26_12.46.45,40.0,0.08654577222142766,0.12725271327900642,0.7999999999998124,0.5951993204308647,0.8283604778352122,0.8181017763509125,True,50.000000000011724
Sensitive Mimosa,BYB_Recording_2024-06-27_17.07.10,21.6,-0.02175377209050259,0.776805818239851,0.9999999999998082,0.9727587366629667,0.8786609772911501,0.6749082285717871,True,21.600000000004144
Sensitive Mimosa,BYB_Recording_2024-06-27_17.25.17,14.8,0.05631631939219946,0.2278338212278003,1.2799999999998022,0.8018078778024871,0.93866672496174,0.685421218642929,True,11.562500000001787
Sensitive Mimosa,BYB_Recording_2024-06-27_17.42.19,15.9,0.04859602262676009,0.39473214286965214,1.4599999999997983,0.8903836335948897,0.8713781879055269,0.6230083682678624,True,10.890410958905614
Sensitive Mimosa,BYB_Recording_2024-06-27_18.31.29,13.9,0.033987656745835204,0.17584175493675133,1.2999999999998018,0.8380224370201778,0.7602401252310902,0.39048535687689145,True,10.692307692309322
Sensitive Mimosa,BYB_Recording_2024-06-27_18.48.14,9.5,10.133912148786854,-4.615783746150505,0.39999999999982094,0.31294094325936667,0.3618700693471346,0.11660181448717888,True,23.750000000010633
Sensitive Mimosa,BYB_Recording_2024-06-27_19.01.26,15.3,0.7824051556087006,3.478878399753415,0.9999999999998082,0.8163921397288443,0.8512887231180113,0.4317540680013302,True,15.300000000002935
Sensitive Mimosa,BYB_Recording_2024-06-27_19.15.52,14.1,-0.1703443110827882,5.126657744179487,0.679999999999815,0.9678413734211108,0.8656087537950495,0.7102167582990936,True,20.7352941176527
Sensitive Mimosa,BYB_Recording_2024-06-27_19.57.29,15.5,-1.2086503877478993,5.216217444301367,0.37999999999982137,0.8118793383236975,0.9503475389370475,0.7256340301391493,True,40.7894736842297
Sensitive Mimosa,BYB_Recording_2024-07-08_16.06.58,15.9,0.8820563620898657,-0.41857016499491384,1.7399999999997924,0.32182194986680435,0.8108114785707107,0.576815750008177,True,9.137931034483849
Sensitive Mimosa,BYB_Recording_2024-07-08_17.02.56,15.23,0.11956040060308412,1.4114771357787392,1.9599999999997877,0.9219089031052553,0.9385897665455959,0.5597512578861765,True,7.770408163266148
Sensitive Mimosa,BYB_Recording_2024-07-10_12.31.11,15.64,0.9918850721418113,0.5468135477763864,2.5972668245001866,0.355374041867573,0.4320951293576325,0.3850392886745605,True,6.021714770491374
Sensitive Mimosa,BYB_Recording_2024-07-10_12.56.35,14.21,-0.2559401501124051,1.5683735158651027,-0.10203698928759675,0.859706061032401,0.1151138461922816,0.05957862527715818,True,139.2632230646119
Sensitive Mimosa,BYB_Recording_2024-07-11_11.28.52,18.02,0.1811979185144499,0.8708532561461239,1.7574834157662096,0.8277670108843228,0.941676319557981,0.481354728684247,True,10.253297321809335
Sensitive Mimosa,BYB_Recording_2024-07-11_11.50.12,12.42,-0.37035545057582836,1.314004593425287,0.7777361055765688,0.7801209712288906,0.930734719797879,0.7317945785423797,True,15.969427047227706
Sensitive Mimosa,BYB_Recording_2024-07-11_12.37.51,13.13,0.3730753390301139,0.9407821774530477,0.9776845362275175,0.7160458159658477,0.9712229079725744,0.6889901184019095,True,13.429689755208026
Sensitive Mimosa,BYB_Recording_2024-07-11_13.14.26,14.6,0.11606879849112826,0.628366530308548,1.737488572701114,0.8440847794283528,0.3597038385184175,0.2772396240054428,True,8.402932962777832
Tomato,BYB_Recording_2024-02-03_21.26.23,6.24,0.3825899355947084,0.2350864968824603,-5.720000000000049,0.3805981328114698,0.7277238716782578,0.5634083480727895,True,1.0909090909090817
Tomato,BYB_Recording_2024-02-03_21.30.34,10.08,0.19329728866883278,0.15916359463641053,1.0799999999998064,0.4515780393666249,0.6618273909166414,0.6744914856037836,True,9.333333333335005
Tomato,BYB_Recording_2024-02-06_19.19.43,10.6,0.002871461462325127,0.9241315332971853,1.2799999999998022,0.9969024248265023,-0.05583751129343306,0.47846680762785976,True,8.281250000001279
Tomato,BYB_Recording_2024-02-06_20.01.08,10.8,0.07836845276724384,0.14196332117390906,-4.380000000000077,0.644316153928054,0.4385825627432165,0.23327981456206803,True,2.465753424657491
Tomato,BYB_Recording_2024-02-12_20.26.05,8.04,0.0790292058545945,0.4707696619019517,4.839999999999726,0.8562579690695379,0.6041114941149919,0.2899412178891878,True,1.6611570247934822
Tomato,BYB_Recording_2024-02-19_18.44.04,9.19,-0.8101092991470414,1.7751872563222113,1.1199999999998056,0.6866474380150945,0.5733300512797754,0.4930742721504888,True,8.205357142858567
Tomato,BYB_Recording_2024-06-26_23.32.41,,-0.011013569501851119,0.2468976364305803,2.31999999999978,0.9572970493390018,0.7369977025617929,0.7218201439250193,True,
Tomato,BYB_Recording_2024-06-26_23.54.25,,0.7003044443870429,0.6491009953217658,1.2799999999998022,0.48102740378891373,0.6043244095859324,0.49966341817168913,True,
Tomato,BYB_Recording_2024-06-27_00.22.45,,0.8908144141344996,2.3012937511410536,1.4599999999997983,0.7209322591806341,0.6854515285881919,0.6565453278741933,True,
Tomato,BYB_Recording_2024-07-05_16.48.00,10.4,0.10389656426029407,0.5155828197874991,3.639999999999752,0.8322840647554489,0.553757604293525,0.7876659600807399,True,2.857142857143052
Tomato,BYB_Recording_2024-07-05_16.51.56,10.5,0.2840582423549615,0.6683765646790962,1.2199999999998035,0.7017557104621818,0.7566216302121198,0.80117076638849,True,8.606557377050567
Tomato,BYB_Recording_2024-07-09_15.12.30,,0.25434224536725014,0.8652898839899104,0.7377464194463812,0.77283409550485,0.9792210944874213,0.9626648999164985,True,
Tomato,BYB_Recording_2024-07-10_11.32.51,,0.27703480583358,1.12786352561189,3.03715337193227,0.8028079330491164,0.7865674745710656,0.65703746082861,True,
Venus Flytrap,BYB_Recording_2024-01-28_16.49.19,13.36,0.08611337801502446,0.17202016869591935,0.4999999999998188,0.6663998960528226,0.46521035348390094,0.3566327394941068,True,26.72000000000968
Venus Flytrap,BYB_Recording_2024-05-16_22.38.00,12.41,-3.7271207340621344,7.969077545273398,-0.4200000000001616,0.6813391287451845,0.7193571746458544,0.08170931784128777,True,29.547619047607682
Venus Flytrap,BYB_Recording_2024-05-22_23.31.14,14.25,-0.00604197105633101,0.09786621374234904,0.4399999999998201,0.9418527898640785,0.7035472293263219,0.38889236938167115,True,32.38636363637688
Venus Flytrap,BYB_Recording_2024-05-22_23.36.51,9.68,0.0012901675706357793,0.48063273398267636,0.2999999999998231,0.9973228755751649,0.6432097021758336,0.3624185575882869,True,32.266666666685694
Venus Flytrap,BYB_Recording_2024-05-23_22.13.46,13.12,-0.010867248048902324,0.48042620839527145,0.2999999999998231,0.9778803321999116,0.8402375942523511,0.6671996049872749,True,43.73333333335912
Venus Flytrap,BYB_Recording_2024-05-25_20.35.34,17.8,0.07072896990404723,0.23468246065646137,0.45999999999981966,0.7684141363856574,0.8557872450685063,0.7922002238908005,True,38.69565217392822
Venus Flytrap,BYB_Recording_2024-05-27_22.48.45,8.64,0.02448763131806337,0.9564399128741579,0.37999999999982137,0.9750362486372747,0.8774813282873876,0.872023284384734,True,22.736842105273848
Venus Flytrap,BYB_Recording_2024-05-29_00.04.58,12.42,22.648675401719903,-22.312032100016104,0.019999999999829043,0.49625624995235224,0.7280914836435318,0.18175633726265794,False,
Venus Flytrap,BYB_Recording_2024-05-29_00.16.30,11.06,-0.10779218625266894,0.4953189052793414,0.39999999999982094,0.8212730825777761,0.8491597373817873,0.620541306610264,True,27.65000000001238
Venus Flytrap,BYB_Recording_2024-05-30_01.09.15,,-0.024943985237915623,0.24663476912864,0.1999999999998252,0.9081519270677257,0.6577358848548123,0.5164002874869027,True,
Venus Flytrap,BYB_Recording_2024-06-01_21.44.30,,0.15684001119417448,0.8511950606335342,0.31999999999982265,0.844410164311246,0.7231846463813056,0.6088651745509716,True,
Venus Flytrap,BYB_Recording_2024-07-03_11.24.59,6.5,14.114381857080987,-16.894048766207643,-0.08204214622250205,0.5448211478822634,0.9123847682510757,0.28473321752463865,False,
Venus Flytrap,BYB_Recording_2025-01-10_17.18.20_Venus_11 mm_2record,11.0,48.589982994212235,-49.411443600777915,-0.02205761702721798,0.5041910645339915,0.7921596101517965,0.14897882136205087,False,
Venus Flytrap,BYB_Recording_2025-01-10_17.49.47_Venus_7.5_2mm_record,7.5,0.05990348033696875,0.21093706637834325,0.37783924427467497,0.7788238095681628,0.6528617970026838,0.5760356087487495,True,19.849711520563442
Venus Flytrap,BYB_Recording_2025-01-14_17.17.22-13 mm,13.0,0.15080197640016615,1.2796906273796143,-0.16202151848288082,0.8945803872024901,0.7895756541103663,0.3572694309921901,True,80.23625578705818
Venus Flytrap,BYB_Recording_2025-01-14_17.31.14 -11 mm,11.0,0.03803497349383571,0.16668137429294086,0.5577928318605281,0.814206467118829,0.9409562367262438,0.9393897079444666,True,19.720583291307815
